InvoiceDate,Product,Quantity,UnitPrice,Region,CustomerID
2023-01-01 00:00:00.000000000,Keyboard,6,150,East,C0186
2023-01-01 11:41:16.050700466,Headphones,2,1800,North,C0252
2023-01-01 23:22:32.101400933,Wireless Mouse,4,450,West,C0355
2023-01-02 11:03:48.152101400,Headphones,3,1800,West,C0238
2023-01-02 22:45:04.202801867,Headphones,5,1200,East,C0360
2023-01-03 10:26:20.253502334,Laptop Bag,4,3500,North,C0184
2023-01-03 22:07:36.304202801,Wireless Mouse,3,450,East,C0284
2023-01-04 09:48:52.354903268,Wireless Mouse,3,1200,West,C0385
2023-01-04 21:30:08.405603735,Wireless Mouse,1,3500,North,C0426
2023-01-05 09:11:24.456304202,Headphones,5,450,North,C0210
2023-01-05 20:52:40.507004669,Keyboard,1,700,East,C0304
2023-01-06 08:33:56.557705136,Wireless Mouse,2,150,South,C0296
2023-01-06 20:15:12.608405603,Smart Watch,1,150,East,C0097
2023-01-07 07:56:28.659106070,Headphones,1,1200,West,C0447
2023-01-07 19:37:44.709806537,Laptop Bag,4,3500,West,C0460
2023-01-08 07:19:00.760507004,Keyboard,6,150,West,C0456
2023-01-08 19:00:16.811207471,Smart Watch,3,3500,West,C0472
2023-01-09 06:41:32.861907938,Smart Watch,5,3500,West,C0208
2023-01-09 18:22:48.912608405,Laptop Bag,1,1200,South,C0370
2023-01-10 06:04:04.963308872,Keyboard,5,1200,North,C0388
2023-01-10 17:45:21.014009339,Headphones,6,1200,East,C0422
2023-01-11 05:26:37.064709806,Mobile Cover,6,150,East,C0492
2023-01-11 17:07:53.115410273,Keyboard,1,1200,West,C0411
2023-01-12 04:49:09.166110740,Laptop Bag,2,150,East,C0137
2023-01-12 16:30:25.216811207,Smart Watch,1,1200,West,C0367
2023-01-13 04:11:41.267511674,Headphones,4,1800,South,C0400
2023-01-13 15:52:57.318212141,Keyboard,3,3500,South,C0184
2023-01-14 03:34:13.368912608,Mobile Cover,2,1200,North,C0076
2023-01-14 15:15:29.419613075,Mobile Cover,1,450,South,C0287
2023-01-15 02:56:45.470313542,Wireless Mouse,5,3500,South,C0472
2023-01-15 14:38:01.521014009,Wireless Mouse,2,3500,North,C0375
2023-01-16 02:19:17.571714476,Laptop Bag,2,1200,East,C0142
2023-01-16 14:00:33.622414943,Keyboard,1,700,West,C0237
2023-01-17 01:41:49.673115410,Keyboard,2,1200,West,C0025
2023-01-17 13:23:05.723815877,Smart Watch,5,3500,East,C0290
2023-01-18 01:04:21.774516344,Smart Watch,6,450,North,C0067
2023-01-18 12:45:37.825216811,Smart Watch,2,3500,East,C0250
2023-01-19 00:26:53.875917278,Wireless Mouse,6,450,South,C0408
2023-01-19 12:08:09.926617745,Keyboard,5,150,North,C0118
2023-01-19 23:49:25.977318212,Keyboard,1,1800,North,C0490
2023-01-20 11:30:42.028018679,Mobile Cover,3,3500,North,C0073
2023-01-20 23:11:58.078719146,Wireless Mouse,2,1200,West,C0282
2023-01-21 10:53:14.129419613,Headphones,3,150,East,C0404
2023-01-21 22:34:30.180120080,Wireless Mouse,5,1800,North,C0448
2023-01-22 10:15:46.230820547,Headphones,2,1200,North,C0360
2023-01-22 21:57:02.281521014,Mobile Cover,6,700,North,C0010
2023-01-23 09:38:18.332221481,Laptop Bag,4,1200,East,C0211
2023-01-23 21:19:34.382921948,Keyboard,3,450,West,C0323
2023-01-24 09:00:50.433622415,Mobile Cover,2,450,South,C0152
2023-01-24 20:42:06.484322881,Keyboard,3,700,West,C0005
2023-01-25 08:23:22.535023348,Smart Watch,2,150,North,C0195
2023-01-25 20:04:38.585723815,Laptop Bag,1,1800,West,C0442
2023-01-26 07:45:54.636424282,Laptop Bag,6,1200,West,C0283
2023-01-26 19:27:10.687124749,Mobile Cover,3,450,South,C0464
2023-01-27 07:08:26.737825216,Laptop Bag,4,150,East,C0113
2023-01-27 18:49:42.788525683,Headphones,4,700,East,C0271
2023-01-28 06:30:58.839226150,Laptop Bag,5,3500,West,C0163
2023-01-28 18:12:14.889926617,Keyboard,2,450,West,C0460
2023-01-29 05:53:30.940627084,Keyboard,3,700,East,C0105
2023-01-29 17:34:46.991327551,Keyboard,5,1200,East,C0181
2023-01-30 05:16:03.042028018,Keyboard,3,1800,South,C0044
2023-01-30 16:57:19.092728485,Headphones,2,450,North,C0282
2023-01-31 04:38:35.143428952,Wireless Mouse,4,450,West,C0175
2023-01-31 16:19:51.194129419,Smart Watch,1,1200,East,C0162
2023-02-01 04:01:07.244829886,Mobile Cover,4,3500,West,C0471
2023-02-01 15:42:23.295530353,Keyboard,5,150,West,C0351
2023-02-02 03:23:39.346230820,Laptop Bag,6,1800,East,C0434
2023-02-02 15:04:55.396931287,Keyboard,1,450,South,C0340
2023-02-03 02:46:11.447631754,Laptop Bag,5,1800,West,C0140
2023-02-03 14:27:27.498332221,Smart Watch,2,450,South,C0471
2023-02-04 02:08:43.549032688,Smart Watch,1,1800,East,C0132
2023-02-04 13:49:59.599733155,Smart Watch,5,700,North,C0087
2023-02-05 01:31:15.650433622,Laptop Bag,2,450,North,C0176
2023-02-05 13:12:31.701134089,Keyboard,4,1800,West,C0183
2023-02-06 00:53:47.751834556,Smart Watch,6,150,East,C0368
2023-02-06 12:35:03.802535023,Headphones,2,700,South,C0129
2023-02-07 00:16:19.853235490,Laptop Bag,3,700,West,C0246
2023-02-07 11:57:35.903935957,Laptop Bag,2,150,East,C0089
2023-02-07 23:38:51.954636424,Keyboard,2,1800,East,C0066
2023-02-08 11:20:08.005336891,Laptop Bag,6,1200,South,C0158
2023-02-08 23:01:24.056037358,Laptop Bag,3,150,West,C0387
2023-02-09 10:42:40.106737825,Smart Watch,5,1800,East,C0378
2023-02-09 22:23:56.157438292,Keyboard,5,150,East,C0149
2023-02-10 10:05:12.208138759,Smart Watch,2,150,East,C0473
2023-02-10 21:46:28.258839226,Smart Watch,3,450,South,C0340
2023-02-11 09:27:44.309539693,Keyboard,3,1800,West,C0433
2023-02-11 21:09:00.360240160,Mobile Cover,6,1200,West,C0116
2023-02-12 08:50:16.410940627,Smart Watch,4,450,West,C0214
2023-02-12 20:31:32.461641094,Headphones,5,150,West,C0469
2023-02-13 08:12:48.512341561,Headphones,6,3500,North,C0446
2023-02-13 19:54:04.563042028,Laptop Bag,1,150,North,C0481
2023-02-14 07:35:20.613742495,Headphones,5,150,West,C0372
2023-02-14 19:16:36.664442962,Laptop Bag,6,1800,South,C0294
2023-02-15 06:57:52.715143429,Mobile Cover,5,1800,North,C0253
2023-02-15 18:39:08.765843896,Keyboard,4,450,East,C0143
2023-02-16 06:20:24.816544363,Keyboard,1,1200,North,C0250
2023-02-16 18:01:40.867244830,Keyboard,4,450,East,C0366
2023-02-17 05:42:56.917945296,Headphones,1,700,West,C0436
2023-02-17 17:24:12.968645763,Mobile Cover,2,150,North,C0463
2023-02-18 05:05:29.019346230,Headphones,6,3500,South,C0302
2023-02-18 16:46:45.070046697,Headphones,1,150,North,C0025
2023-02-19 04:28:01.120747164,Mobile Cover,4,150,North,C0277
2023-02-19 16:09:17.171447631,Mobile Cover,5,450,North,C0472
2023-02-20 03:50:33.222148098,Mobile Cover,1,3500,West,C0377
2023-02-20 15:31:49.272848565,Mobile Cover,6,3500,South,C0378
2023-02-21 03:13:05.323549032,Keyboard,1,3500,North,C0389
2023-02-21 14:54:21.374249499,Wireless Mouse,3,450,South,C0070
2023-02-22 02:35:37.424949966,Wireless Mouse,5,150,West,C0113
2023-02-22 14:16:53.475650433,Mobile Cover,6,450,East,C0363
2023-02-23 01:58:09.526350900,Wireless Mouse,6,1800,North,C0112
2023-02-23 13:39:25.577051367,Wireless Mouse,2,1800,South,C0364
2023-02-24 01:20:41.627751834,Mobile Cover,4,450,South,C0303
2023-02-24 13:01:57.678452301,Wireless Mouse,2,3500,West,C0471
2023-02-25 00:43:13.729152768,Headphones,6,150,North,C0452
2023-02-25 12:24:29.779853235,Laptop Bag,5,450,East,C0091
2023-02-26 00:05:45.830553702,Laptop Bag,1,450,South,C0018
2023-02-26 11:47:01.881254169,Mobile Cover,1,450,North,C0149
2023-02-26 23:28:17.931954636,Keyboard,5,700,East,C0476
2023-02-27 11:09:33.982655103,Mobile Cover,6,1800,South,C0227
2023-02-27 22:50:50.033355570,Keyboard,1,3500,South,C0214
2023-02-28 10:32:06.084056037,Laptop Bag,1,1200,East,C0360
2023-02-28 22:13:22.134756504,Mobile Cover,1,3500,East,C0151
2023-03-01 09:54:38.185456971,Smart Watch,4,1200,West,C0192
2023-03-01 21:35:54.236157438,Headphones,4,700,North,C0451
2023-03-02 09:17:10.286857905,Wireless Mouse,3,450,North,C0040
2023-03-02 20:58:26.337558372,Keyboard,2,700,West,C0242
2023-03-03 08:39:42.388258839,Smart Watch,5,700,South,C0138
2023-03-03 20:20:58.438959306,Wireless Mouse,5,150,East,C0345
2023-03-04 08:02:14.489659773,Wireless Mouse,5,1800,East,C0180
2023-03-04 19:43:30.540360240,Mobile Cover,3,1200,East,C0497
2023-03-05 07:24:46.591060707,Wireless Mouse,4,450,South,C0200
2023-03-05 19:06:02.641761174,Headphones,6,1200,East,C0203
2023-03-06 06:47:18.692461641,Smart Watch,6,3500,East,C0061
2023-03-06 18:28:34.743162108,Wireless Mouse,3,1200,West,C0192
2023-03-07 06:09:50.793862575,Mobile Cover,6,3500,South,C0005
2023-03-07 17:51:06.844563042,Headphones,5,1800,North,C0378
2023-03-08 05:32:22.895263509,Laptop Bag,2,3500,West,C0237
2023-03-08 17:13:38.945963976,Smart Watch,1,1200,West,C0181
2023-03-09 04:54:54.996664443,Wireless Mouse,4,1200,North,C0311
2023-03-09 16:36:11.047364910,Mobile Cover,4,3500,West,C0037
2023-03-10 04:17:27.098065377,Laptop Bag,3,700,South,C0056
2023-03-10 15:58:43.148765844,Laptop Bag,4,1800,East,C0443
2023-03-11 03:39:59.199466311,Keyboard,5,150,South,C0237
2023-03-11 15:21:15.250166778,Headphones,6,450,North,C0358
2023-03-12 03:02:31.300867245,Wireless Mouse,5,1200,North,C0349
2023-03-12 14:43:47.351567712,Mobile Cover,3,450,West,C0197
2023-03-13 02:25:03.402268179,Keyboard,5,150,South,C0073
2023-03-13 14:06:19.452968646,Headphones,6,450,South,C0059
2023-03-14 01:47:35.503669113,Keyboard,2,150,North,C0240
2023-03-14 13:28:51.554369580,Smart Watch,3,3500,South,C0002
2023-03-15 01:10:07.605070046,Headphones,2,700,North,C0449
2023-03-15 12:51:23.655770513,Headphones,1,1200,South,C0360
2023-03-16 00:32:39.706470980,Wireless Mouse,2,150,South,C0188
2023-03-16 12:13:55.757171447,Headphones,1,450,South,C0307
2023-03-16 23:55:11.807871914,Keyboard,1,1200,North,C0030
2023-03-17 11:36:27.858572381,Headphones,2,700,West,C0267
2023-03-17 23:17:43.909272848,Wireless Mouse,3,3500,South,C0476
2023-03-18 10:58:59.959973315,Wireless Mouse,6,1200,North,C0108
2023-03-18 22:40:16.010673782,Smart Watch,5,150,North,C0332
2023-03-19 10:21:32.061374249,Keyboard,5,700,South,C0423
2023-03-19 22:02:48.112074716,Laptop Bag,6,450,South,C0090
2023-03-20 09:44:04.162775183,Laptop Bag,1,700,West,C0205
2023-03-20 21:25:20.213475650,Headphones,1,700,North,C0379
2023-03-21 09:06:36.264176117,Smart Watch,3,1800,North,C0456
2023-03-21 20:47:52.314876584,Mobile Cover,4,700,East,C0447
2023-03-22 08:29:08.365577051,Headphones,2,700,North,C0448
2023-03-22 20:10:24.416277518,Smart Watch,1,1200,West,C0445
2023-03-23 07:51:40.466977985,Keyboard,5,450,East,C0381
2023-03-23 19:32:56.517678452,Keyboard,3,1200,East,C0438
2023-03-24 07:14:12.568378919,Keyboard,2,1200,East,C0220
2023-03-24 18:55:28.619079386,Keyboard,3,150,South,C0378
2023-03-25 06:36:44.669779853,Keyboard,2,1200,South,C0094
2023-03-25 18:18:00.720480320,Smart Watch,2,1800,North,C0457
2023-03-26 05:59:16.771180787,Smart Watch,6,1800,East,C0103
2023-03-26 17:40:32.821881254,Wireless Mouse,1,150,West,C0223
2023-03-27 05:21:48.872581721,Laptop Bag,3,3500,South,C0186
2023-03-27 17:03:04.923282188,Keyboard,3,450,West,C0469
2023-03-28 04:44:20.973982655,Mobile Cover,6,450,West,C0184
2023-03-28 16:25:37.024683122,Smart Watch,5,1200,South,C0495
2023-03-29 04:06:53.075383589,Mobile Cover,5,1200,South,C0162
2023-03-29 15:48:09.126084056,Mobile Cover,1,3500,South,C0247
2023-03-30 03:29:25.176784523,Mobile Cover,1,1200,South,C0031
2023-03-30 15:10:41.227484990,Wireless Mouse,4,450,East,C0052
2023-03-31 02:51:57.278185457,Smart Watch,6,700,East,C0345
2023-03-31 14:33:13.328885924,Mobile Cover,5,1800,East,C0076
2023-04-01 02:14:29.379586391,Keyboard,2,700,East,C0385
2023-04-01 13:55:45.430286858,Headphones,3,700,North,C0439
2023-04-02 01:37:01.480987325,Mobile Cover,1,450,East,C0278
2023-04-02 13:18:17.531687792,Wireless Mouse,3,700,South,C0040
2023-04-03 00:59:33.582388259,Smart Watch,3,3500,West,C0101
2023-04-03 12:40:49.633088726,Wireless Mouse,4,150,East,C0111
2023-04-04 00:22:05.683789193,Mobile Cover,5,1200,North,C0385
2023-04-04 12:03:21.734489660,Smart Watch,1,150,South,C0321
2023-04-04 23:44:37.785190126,Headphones,3,1800,West,C0249
2023-04-05 11:25:53.835890593,Mobile Cover,1,1200,West,C0191
2023-04-05 23:07:09.886591060,Wireless Mouse,2,700,East,C0490
2023-04-06 10:48:25.937291527,Laptop Bag,4,1800,West,C0182
2023-04-06 22:29:41.987991994,Keyboard,2,1200,East,C0426
2023-04-07 10:10:58.038692461,Wireless Mouse,1,3500,East,C0405
2023-04-07 21:52:14.089392928,Smart Watch,1,3500,South,C0335
2023-04-08 09:33:30.140093395,Mobile Cover,5,3500,South,C0209
2023-04-08 21:14:46.190793862,Keyboard,3,3500,North,C0022
2023-04-09 08:56:02.241494329,Mobile Cover,3,700,South,C0166
2023-04-09 20:37:18.292194796,Smart Watch,2,150,South,C0099
2023-04-10 08:18:34.342895263,Mobile Cover,4,1200,East,C0493
2023-04-10 19:59:50.393595730,Laptop Bag,6,700,South,C0208
2023-04-11 07:41:06.444296197,Keyboard,3,3500,East,C0008
2023-04-11 19:22:22.494996664,Keyboard,5,150,East,C0190
2023-04-12 07:03:38.545697131,Smart Watch,2,1800,South,C0175
2023-04-12 18:44:54.596397598,Laptop Bag,2,1800,North,C0273
2023-04-13 06:26:10.647098065,Wireless Mouse,6,1800,North,C0017
2023-04-13 18:07:26.697798532,Mobile Cover,5,3500,West,C0090
2023-04-14 05:48:42.748498999,Headphones,4,1800,West,C0141
2023-04-14 17:29:58.799199466,Mobile Cover,5,450,South,C0145
2023-04-15 05:11:14.849899933,Mobile Cover,4,1200,North,C0166
2023-04-15 16:52:30.900600400,Wireless Mouse,5,1200,East,C0337
2023-04-16 04:33:46.951300866,Mobile Cover,5,3500,West,C0496
2023-04-16 16:15:03.002001334,Laptop Bag,1,450,East,C0078
2023-04-17 03:56:19.052701800,Laptop Bag,2,700,West,C0429
2023-04-17 15:37:35.103402268,Keyboard,5,700,South,C0262
2023-04-18 03:18:51.154102734,Smart Watch,6,1800,North,C0163
2023-04-18 15:00:07.204803202,Headphones,5,150,West,C0366
2023-04-19 02:41:23.255503668,Mobile Cover,3,700,North,C0014
2023-04-19 14:22:39.306204136,Mobile Cover,2,150,East,C0239
2023-04-20 02:03:55.356904602,Wireless Mouse,3,1200,South,C0072
2023-04-20 13:45:11.407605070,Smart Watch,2,150,North,C0445
2023-04-21 01:26:27.458305536,Laptop Bag,3,1200,South,C0143
2023-04-21 13:07:43.509006004,Headphones,5,450,North,C0310
2023-04-22 00:48:59.559706470,Keyboard,5,450,East,C0283
2023-04-22 12:30:15.610406938,Laptop Bag,1,3500,East,C0269
2023-04-23 00:11:31.661107404,Smart Watch,6,3500,South,C0241
2023-04-23 11:52:47.711807872,Keyboard,3,1800,East,C0415
2023-04-23 23:34:03.762508338,Wireless Mouse,4,700,West,C0245
2023-04-24 11:15:19.813208806,Wireless Mouse,1,1800,North,C0163
2023-04-24 22:56:35.863909272,Mobile Cover,3,1200,East,C0060
2023-04-25 10:37:51.914609740,Smart Watch,3,1800,West,C0006
2023-04-25 22:19:07.965310206,Headphones,1,150,South,C0197
2023-04-26 10:00:24.016010674,Keyboard,5,1200,West,C0470
2023-04-26 21:41:40.066711140,Laptop Bag,3,3500,South,C0058
2023-04-27 09:22:56.117411608,Smart Watch,5,450,South,C0305
2023-04-27 21:04:12.168112074,Smart Watch,1,3500,North,C0407
2023-04-28 08:45:28.218812542,Wireless Mouse,5,700,North,C0217
2023-04-28 20:26:44.269513008,Mobile Cover,2,1200,West,C0418
2023-04-29 08:08:00.320213476,Mobile Cover,4,1200,North,C0026
2023-04-29 19:49:16.370913942,Keyboard,3,150,North,C0303
2023-04-30 07:30:32.421614410,Wireless Mouse,6,700,North,C0005
2023-04-30 19:11:48.472314876,Smart Watch,4,450,West,C0474
2023-05-01 06:53:04.523015344,Headphones,5,1200,East,C0020
2023-05-01 18:34:20.573715810,Wireless Mouse,3,1200,North,C0390
2023-05-02 06:15:36.624416278,Keyboard,5,150,North,C0198
2023-05-02 17:56:52.675116744,Keyboard,2,1800,West,C0059
2023-05-03 05:38:08.725817212,Wireless Mouse,1,450,East,C0448
2023-05-03 17:19:24.776517678,Keyboard,3,3500,North,C0242
2023-05-04 05:00:40.827218146,Wireless Mouse,2,700,South,C0146
2023-05-04 16:41:56.877918612,Laptop Bag,2,1200,West,C0388
2023-05-05 04:23:12.928619080,Wireless Mouse,3,1200,North,C0273
2023-05-05 16:04:28.979319546,Wireless Mouse,5,3500,North,C0249
2023-05-06 03:45:45.030020012,Keyboard,6,450,South,C0014
2023-05-06 15:27:01.080720480,Keyboard,2,1800,South,C0462
2023-05-07 03:08:17.131420946,Mobile Cover,4,1200,West,C0013
2023-05-07 14:49:33.182121414,Mobile Cover,2,450,West,C0391
2023-05-08 02:30:49.232821880,Laptop Bag,6,3500,South,C0384
2023-05-08 14:12:05.283522348,Mobile Cover,5,150,West,C0044
2023-05-09 01:53:21.334222814,Wireless Mouse,5,1800,South,C0375
2023-05-09 13:34:37.384923282,Keyboard,4,700,North,C0399
2023-05-10 01:15:53.435623748,Mobile Cover,2,1200,South,C0019
2023-05-10 12:57:09.486324216,Mobile Cover,5,450,South,C0063
2023-05-11 00:38:25.537024682,Laptop Bag,6,150,East,C0491
2023-05-11 12:19:41.587725150,Smart Watch,3,700,South,C0239
2023-05-12 00:00:57.638425616,Laptop Bag,1,450,South,C0492
2023-05-12 11:42:13.689126084,Wireless Mouse,1,450,East,C0419
2023-05-12 23:23:29.739826550,Keyboard,1,700,West,C0337
2023-05-13 11:04:45.790527018,Laptop Bag,2,150,East,C0419
2023-05-13 22:46:01.841227484,Mobile Cover,4,3500,North,C0403
2023-05-14 10:27:17.891927952,Keyboard,5,150,East,C0404
2023-05-14 22:08:33.942628418,Keyboard,3,1800,North,C0100
2023-05-15 09:49:49.993328886,Mobile Cover,6,1200,West,C0163
2023-05-15 21:31:06.044029352,Laptop Bag,3,700,East,C0416
2023-05-16 09:12:22.094729820,Mobile Cover,6,3500,East,C0122
2023-05-16 20:53:38.145430286,Smart Watch,2,700,West,C0432
2023-05-17 08:34:54.196130754,Keyboard,1,700,North,C0044
2023-05-17 20:16:10.246831220,Headphones,2,150,East,C0360
2023-05-18 07:57:26.297531688,Headphones,4,1200,North,C0408
2023-05-18 19:38:42.348232154,Wireless Mouse,4,1800,East,C0317
2023-05-19 07:19:58.398932622,Mobile Cover,6,450,South,C0381
2023-05-19 19:01:14.449633088,Mobile Cover,5,450,East,C0145
2023-05-20 06:42:30.500333556,Wireless Mouse,5,700,West,C0327
2023-05-20 18:23:46.551034022,Wireless Mouse,6,1200,West,C0363
2023-05-21 06:05:02.601734490,Wireless Mouse,4,3500,North,C0050
2023-05-21 17:46:18.652434956,Keyboard,4,150,East,C0065
2023-05-22 05:27:34.703135424,Smart Watch,4,1200,North,C0355
2023-05-22 17:08:50.753835890,Mobile Cover,2,1200,North,C0288
2023-05-23 04:50:06.804536358,Keyboard,4,150,South,C0164
2023-05-23 16:31:22.855236824,Wireless Mouse,3,700,South,C0141
2023-05-24 04:12:38.905937292,Mobile Cover,1,1200,West,C0454
2023-05-24 15:53:54.956637758,Keyboard,4,450,North,C0314
2023-05-25 03:35:11.007338226,Smart Watch,6,150,West,C0128
2023-05-25 15:16:27.058038692,Keyboard,1,3500,East,C0398
2023-05-26 02:57:43.108739160,Smart Watch,2,1800,North,C0421
2023-05-26 14:38:59.159439626,Wireless Mouse,6,700,North,C0368
2023-05-27 02:20:15.210140092,Smart Watch,1,150,East,C0463
2023-05-27 14:01:31.260840560,Mobile Cover,6,1800,East,C0239
2023-05-28 01:42:47.311541026,Wireless Mouse,2,1800,West,C0324
2023-05-28 13:24:03.362241494,Mobile Cover,3,3500,West,C0296
2023-05-29 01:05:19.412941960,Headphones,2,1200,East,C0187
2023-05-29 12:46:35.463642428,Laptop Bag,2,3500,West,C0208
2023-05-30 00:27:51.514342894,Smart Watch,6,1200,East,C0220
2023-05-30 12:09:07.565043362,Laptop Bag,5,1200,North,C0400
2023-05-30 23:50:23.615743828,Laptop Bag,4,150,North,C0190
2023-05-31 11:31:39.666444296,Smart Watch,4,150,South,C0388
2023-05-31 23:12:55.717144762,Wireless Mouse,3,700,North,C0429
2023-06-01 10:54:11.767845230,Headphones,3,1200,East,C0346
2023-06-01 22:35:27.818545696,Mobile Cover,4,1800,West,C0284
2023-06-02 10:16:43.869246164,Keyboard,5,450,South,C0352
2023-06-02 21:57:59.919946630,Mobile Cover,4,700,West,C0237
2023-06-03 09:39:15.970647098,Keyboard,5,150,East,C0194
2023-06-03 21:20:32.021347564,Mobile Cover,3,3500,North,C0287
2023-06-04 09:01:48.072048032,Smart Watch,1,700,South,C0259
2023-06-04 20:43:04.122748498,Headphones,6,700,East,C0246
2023-06-05 08:24:20.173448966,Keyboard,3,700,South,C0136
2023-06-05 20:05:36.224149432,Wireless Mouse,3,700,South,C0280
2023-06-06 07:46:52.274849900,Mobile Cover,2,450,North,C0271
2023-06-06 19:28:08.325550366,Mobile Cover,2,3500,East,C0171
2023-06-07 07:09:24.376250834,Keyboard,2,3500,West,C0159
2023-06-07 18:50:40.426951300,Wireless Mouse,6,3500,South,C0201
2023-06-08 06:31:56.477651768,Wireless Mouse,2,1200,South,C0487
2023-06-08 18:13:12.528352234,Smart Watch,5,1800,West,C0045
2023-06-09 05:54:28.579052702,Smart Watch,4,3500,East,C0450
2023-06-09 17:35:44.629753168,Smart Watch,1,700,South,C0264
2023-06-10 05:17:00.680453636,Smart Watch,3,700,South,C0071
2023-06-10 16:58:16.731154102,Smart Watch,5,3500,South,C0364
2023-06-11 04:39:32.781854570,Smart Watch,1,3500,East,C0371
2023-06-11 16:20:48.832555036,Headphones,5,700,East,C0103
2023-06-12 04:02:04.883255504,Wireless Mouse,5,1200,West,C0490
2023-06-12 15:43:20.933955970,Smart Watch,3,150,East,C0125
2023-06-13 03:24:36.984656438,Wireless Mouse,4,150,East,C0313
2023-06-13 15:05:53.035356904,Wireless Mouse,2,3500,North,C0464
2023-06-14 02:47:09.086057372,Laptop Bag,6,450,West,C0483
2023-06-14 14:28:25.136757838,Headphones,4,3500,South,C0286
2023-06-15 02:09:41.187458306,Smart Watch,6,3500,East,C0458
2023-06-15 13:50:57.238158772,Mobile Cover,3,150,South,C0230
2023-06-16 01:32:13.288859240,Keyboard,3,700,South,C0146
2023-06-16 13:13:29.339559706,Mobile Cover,3,3500,North,C0370
2023-06-17 00:54:45.390260172,Headphones,1,700,East,C0197
2023-06-17 12:36:01.440960640,Keyboard,6,700,West,C0373
2023-06-18 00:17:17.491661106,Headphones,4,450,East,C0221
2023-06-18 11:58:33.542361574,Wireless Mouse,4,700,South,C0423
2023-06-18 23:39:49.593062040,Keyboard,5,150,West,C0060
2023-06-19 11:21:05.643762508,Wireless Mouse,5,1200,East,C0098
2023-06-19 23:02:21.694462974,Mobile Cover,5,1200,South,C0171
2023-06-20 10:43:37.745163442,Mobile Cover,3,1800,South,C0382
2023-06-20 22:24:53.795863908,Keyboard,4,3500,North,C0173
2023-06-21 10:06:09.846564376,Keyboard,6,150,North,C0151
2023-06-21 21:47:25.897264842,Smart Watch,3,700,North,C0453
2023-06-22 09:28:41.947965310,Headphones,1,1200,South,C0350
2023-06-22 21:09:57.998665776,Smart Watch,5,150,East,C0390
2023-06-23 08:51:14.049366244,Headphones,3,1200,North,C0440
2023-06-23 20:32:30.100066710,Smart Watch,3,700,East,C0122
2023-06-24 08:13:46.150767178,Wireless Mouse,1,1200,North,C0494
2023-06-24 19:55:02.201467644,Keyboard,2,3500,West,C0108
2023-06-25 07:36:18.252168112,Mobile Cover,4,3500,West,C0004
2023-06-25 19:17:34.302868578,Headphones,6,1800,North,C0093
2023-06-26 06:58:50.353569046,Headphones,2,1800,South,C0407
2023-06-26 18:40:06.404269512,Mobile Cover,5,1200,North,C0006
2023-06-27 06:21:22.454969980,Smart Watch,3,150,North,C0288
2023-06-27 18:02:38.505670446,Headphones,1,3500,South,C0106
2023-06-28 05:43:54.556370914,Wireless Mouse,1,150,West,C0146
2023-06-28 17:25:10.607071380,Keyboard,4,150,East,C0271
2023-06-29 05:06:26.657771848,Mobile Cover,2,1200,North,C0424
2023-06-29 16:47:42.708472314,Keyboard,4,150,South,C0378
2023-06-30 04:28:58.759172782,Headphones,3,3500,North,C0096
2023-06-30 16:10:14.809873248,Headphones,4,700,South,C0457
2023-07-01 03:51:30.860573716,Mobile Cover,6,1800,East,C0229
2023-07-01 15:32:46.911274182,Wireless Mouse,1,700,East,C0202
2023-07-02 03:14:02.961974650,Laptop Bag,1,150,West,C0212
2023-07-02 14:55:19.012675116,Mobile Cover,5,700,South,C0006
2023-07-03 02:36:35.063375584,Laptop Bag,5,3500,South,C0112
2023-07-03 14:17:51.114076050,Smart Watch,3,3500,West,C0376
2023-07-04 01:59:07.164776518,Laptop Bag,6,150,West,C0379
2023-07-04 13:40:23.215476984,Wireless Mouse,2,1200,South,C0447
2023-07-05 01:21:39.266177452,Smart Watch,4,700,West,C0323
2023-07-05 13:02:55.316877918,Laptop Bag,3,1200,East,C0106
2023-07-06 00:44:11.367578386,Smart Watch,5,1200,North,C0139
2023-07-06 12:25:27.418278852,Laptop Bag,4,450,East,C0299
2023-07-07 00:06:43.468979320,Wireless Mouse,5,150,West,C0401
2023-07-07 11:47:59.519679786,Laptop Bag,4,1800,South,C0096
2023-07-07 23:29:15.570380252,Laptop Bag,2,3500,South,C0388
2023-07-08 11:10:31.621080720,Laptop Bag,3,3500,East,C0447
2023-07-08 22:51:47.671781186,Mobile Cover,4,150,South,C0452
2023-07-09 10:33:03.722481654,Mobile Cover,6,1800,West,C0337
2023-07-09 22:14:19.773182120,Mobile Cover,1,3500,East,C0297
2023-07-10 09:55:35.823882588,Wireless Mouse,6,150,South,C0467
2023-07-10 21:36:51.874583054,Smart Watch,6,3500,North,C0389
2023-07-11 09:18:07.925283522,Headphones,1,1200,North,C0416
2023-07-11 20:59:23.975983988,Laptop Bag,6,700,West,C0214
2023-07-12 08:40:40.026684456,Laptop Bag,4,700,South,C0454
2023-07-12 20:21:56.077384922,Wireless Mouse,4,3500,West,C0291
2023-07-13 08:03:12.128085390,Laptop Bag,4,450,East,C0022
2023-07-13 19:44:28.178785856,Mobile Cover,1,1800,North,C0193
2023-07-14 07:25:44.229486324,Headphones,6,1800,East,C0468
2023-07-14 19:07:00.280186790,Keyboard,1,1800,South,C0150
2023-07-15 06:48:16.330887258,Laptop Bag,4,1200,West,C0368
2023-07-15 18:29:32.381587724,Mobile Cover,6,1800,West,C0247
2023-07-16 06:10:48.432288192,Keyboard,6,700,West,C0267
2023-07-16 17:52:04.482988658,Headphones,5,1200,East,C0461
2023-07-17 05:33:20.533689126,Keyboard,5,150,North,C0251
2023-07-17 17:14:36.584389592,Mobile Cover,2,1800,East,C0490
2023-07-18 04:55:52.635090060,Smart Watch,3,1800,East,C0003
2023-07-18 16:37:08.685790526,Smart Watch,5,150,South,C0393
2023-07-19 04:18:24.736490994,Keyboard,1,1800,South,C0316
2023-07-19 15:59:40.787191460,Wireless Mouse,5,150,South,C0076
2023-07-20 03:40:56.837891928,Keyboard,2,1200,North,C0087
2023-07-20 15:22:12.888592394,Laptop Bag,6,700,North,C0270
2023-07-21 03:03:28.939292862,Laptop Bag,2,150,South,C0225
2023-07-21 14:44:44.989993328,Smart Watch,6,450,South,C0018
2023-07-22 02:26:01.040693796,Wireless Mouse,6,150,North,C0113
2023-07-22 14:07:17.091394262,Mobile Cover,3,1800,West,C0251
2023-07-23 01:48:33.142094730,Laptop Bag,5,1200,North,C0233
2023-07-23 13:29:49.192795196,Smart Watch,1,3500,North,C0329
2023-07-24 01:11:05.243495664,Headphones,1,1200,North,C0279
2023-07-24 12:52:21.294196130,Smart Watch,4,3500,South,C0202
2023-07-25 00:33:37.344896598,Laptop Bag,6,150,West,C0083
2023-07-25 12:14:53.395597064,Laptop Bag,1,700,North,C0125
2023-07-25 23:56:09.446297532,Smart Watch,3,450,South,C0175
2023-07-26 11:37:25.496997998,Mobile Cover,6,1200,East,C0069
2023-07-26 23:18:41.547698466,Keyboard,3,1800,East,C0047
2023-07-27 10:59:57.598398932,Laptop Bag,1,3500,North,C0372
2023-07-27 22:41:13.649099398,Smart Watch,1,1800,East,C0256
2023-07-28 10:22:29.699799866,Smart Watch,4,700,West,C0215
2023-07-28 22:03:45.750500332,Wireless Mouse,1,3500,East,C0030
2023-07-29 09:45:01.801200800,Keyboard,6,1200,East,C0281
2023-07-29 21:26:17.851901268,Headphones,6,150,West,C0412
2023-07-30 09:07:33.902601732,Mobile Cover,6,1800,North,C0482
2023-07-30 20:48:49.953302200,Headphones,4,700,North,C0237
2023-07-31 08:30:06.004002668,Keyboard,4,1200,West,C0248
2023-07-31 20:11:22.054703136,Keyboard,1,1200,West,C0368
2023-08-01 07:52:38.105403600,Keyboard,2,1200,West,C0495
2023-08-01 19:33:54.156104068,Headphones,2,1200,East,C0025
2023-08-02 07:15:10.206804536,Keyboard,4,3500,West,C0074
2023-08-02 18:56:26.257505004,Smart Watch,1,1200,South,C0206
2023-08-03 06:37:42.308205468,Headphones,2,1800,East,C0490
2023-08-03 18:18:58.358905936,Keyboard,1,700,North,C0494
2023-08-04 06:00:14.409606404,Smart Watch,1,3500,North,C0314
2023-08-04 17:41:30.460306872,Wireless Mouse,1,1200,North,C0094
2023-08-05 05:22:46.511007336,Keyboard,5,450,East,C0375
2023-08-05 17:04:02.561707804,Headphones,6,450,South,C0127
2023-08-06 04:45:18.612408272,Laptop Bag,1,700,West,C0425
2023-08-06 16:26:34.663108740,Keyboard,5,150,West,C0025
2023-08-07 04:07:50.713809204,Laptop Bag,4,150,North,C0334
2023-08-07 15:49:06.764509672,Smart Watch,2,3500,North,C0355
2023-08-08 03:30:22.815210140,Wireless Mouse,6,3500,East,C0116
2023-08-08 15:11:38.865910608,Mobile Cover,2,3500,South,C0048
2023-08-09 02:52:54.916611072,Wireless Mouse,6,150,West,C0226
2023-08-09 14:34:10.967311540,Keyboard,2,450,East,C0266
2023-08-10 02:15:27.018012008,Laptop Bag,6,150,West,C0099
2023-08-10 13:56:43.068712476,Laptop Bag,2,1800,North,C0459
2023-08-11 01:37:59.119412940,Headphones,2,1200,West,C0011
2023-08-11 13:19:15.170113408,Laptop Bag,2,3500,South,C0085
2023-08-12 01:00:31.220813876,Headphones,2,450,South,C0405
2023-08-12 12:41:47.271514344,Smart Watch,4,700,North,C0214
2023-08-13 00:23:03.322214808,Mobile Cover,1,700,South,C0173
2023-08-13 12:04:19.372915276,Keyboard,3,1200,South,C0391
2023-08-13 23:45:35.423615744,Headphones,5,450,East,C0209
2023-08-14 11:26:51.474316212,Mobile Cover,3,150,West,C0448
2023-08-14 23:08:07.525016676,Laptop Bag,3,150,North,C0382
2023-08-15 10:49:23.575717144,Laptop Bag,6,1800,North,C0064
2023-08-15 22:30:39.626417612,Mobile Cover,1,1800,North,C0258
2023-08-16 10:11:55.677118080,Laptop Bag,6,150,North,C0332
2023-08-16 21:53:11.727818544,Smart Watch,1,700,North,C0121
2023-08-17 09:34:27.778519012,Smart Watch,1,3500,South,C0298
2023-08-17 21:15:43.829219480,Mobile Cover,2,700,East,C0466
2023-08-18 08:56:59.879919944,Headphones,4,1800,North,C0054
2023-08-18 20:38:15.930620412,Headphones,2,1200,East,C0331
2023-08-19 08:19:31.981320880,Mobile Cover,4,150,East,C0272
2023-08-19 20:00:48.032021348,Headphones,6,1800,South,C0241
2023-08-20 07:42:04.082721812,Headphones,4,1800,North,C0243
2023-08-20 19:23:20.133422280,Smart Watch,6,3500,South,C0018
2023-08-21 07:04:36.184122748,Headphones,3,150,North,C0483
2023-08-21 18:45:52.234823216,Wireless Mouse,3,3500,South,C0187
2023-08-22 06:27:08.285523680,Keyboard,4,150,East,C0346
2023-08-22 18:08:24.336224148,Laptop Bag,4,3500,North,C0144
2023-08-23 05:49:40.386924616,Wireless Mouse,6,700,West,C0262
2023-08-23 17:30:56.437625084,Headphones,2,1200,East,C0441
2023-08-24 05:12:12.488325548,Smart Watch,6,1200,West,C0364
2023-08-24 16:53:28.539026016,Mobile Cover,2,150,East,C0491
2023-08-25 04:34:44.589726484,Headphones,3,450,South,C0431
2023-08-25 16:16:00.640426952,Smart Watch,1,1800,North,C0239
2023-08-26 03:57:16.691127416,Keyboard,4,1800,East,C0304
2023-08-26 15:38:32.741827884,Headphones,2,150,South,C0298
2023-08-27 03:19:48.792528352,Mobile Cover,6,3500,North,C0076
2023-08-27 15:01:04.843228820,Smart Watch,3,450,North,C0188
2023-08-28 02:42:20.893929284,Smart Watch,2,700,East,C0333
2023-08-28 14:23:36.944629752,Smart Watch,6,3500,North,C0388
2023-08-29 02:04:52.995330220,Keyboard,4,3500,East,C0487
2023-08-29 13:46:09.046030688,Headphones,4,150,North,C0246
2023-08-30 01:27:25.096731152,Keyboard,5,150,West,C0130
2023-08-30 13:08:41.147431620,Laptop Bag,1,1800,South,C0474
2023-08-31 00:49:57.198132088,Laptop Bag,5,150,West,C0315
2023-08-31 12:31:13.248832556,Headphones,3,150,East,C0411
2023-09-01 00:12:29.299533020,Keyboard,2,150,West,C0283
2023-09-01 11:53:45.350233488,Mobile Cover,3,1800,East,C0079
2023-09-01 23:35:01.400933956,Smart Watch,6,700,North,C0072
2023-09-02 11:16:17.451634424,Smart Watch,4,700,North,C0263
2023-09-02 22:57:33.502334888,Headphones,5,150,East,C0191
2023-09-03 10:38:49.553035356,Laptop Bag,5,1800,West,C0367
2023-09-03 22:20:05.603735824,Laptop Bag,5,700,North,C0375
2023-09-04 10:01:21.654436292,Smart Watch,3,3500,South,C0430
2023-09-04 21:42:37.705136756,Headphones,4,700,North,C0063
2023-09-05 09:23:53.755837224,Keyboard,2,700,South,C0488
2023-09-05 21:05:09.806537692,Laptop Bag,6,1800,West,C0380
2023-09-06 08:46:25.857238160,Keyboard,2,3500,South,C0012
2023-09-06 20:27:41.907938624,Laptop Bag,3,1800,South,C0141
2023-09-07 08:08:57.958639092,Laptop Bag,6,150,South,C0254
2023-09-07 19:50:14.009339560,Wireless Mouse,5,1200,South,C0043
2023-09-08 07:31:30.060040024,Laptop Bag,1,700,North,C0017
2023-09-08 19:12:46.110740492,Mobile Cover,3,1200,South,C0063
2023-09-09 06:54:02.161440960,Headphones,3,1800,North,C0253
2023-09-09 18:35:18.212141428,Headphones,4,1800,South,C0465
2023-09-10 06:16:34.262841892,Keyboard,2,1800,East,C0376
2023-09-10 17:57:50.313542360,Laptop Bag,3,1200,West,C0292
2023-09-11 05:39:06.364242828,Mobile Cover,3,1800,South,C0469
2023-09-11 17:20:22.414943296,Keyboard,5,150,East,C0008
2023-09-12 05:01:38.465643760,Wireless Mouse,5,1800,South,C0325
2023-09-12 16:42:54.516344228,Keyboard,6,450,South,C0090
2023-09-13 04:24:10.567044696,Keyboard,1,1200,South,C0208
2023-09-13 16:05:26.617745164,Laptop Bag,4,450,East,C0292
2023-09-14 03:46:42.668445628,Wireless Mouse,1,1800,West,C0284
2023-09-14 15:27:58.719146096,Keyboard,6,150,East,C0118
2023-09-15 03:09:14.769846564,Mobile Cover,5,700,West,C0349
2023-09-15 14:50:30.820547032,Mobile Cover,2,3500,South,C0175
2023-09-16 02:31:46.871247496,Headphones,5,3500,North,C0076
2023-09-16 14:13:02.921947964,Wireless Mouse,4,1800,South,C0101
2023-09-17 01:54:18.972648432,Wireless Mouse,5,150,West,C0414
2023-09-17 13:35:35.023348900,Headphones,4,1200,East,C0151
2023-09-18 01:16:51.074049364,Keyboard,4,450,South,C0400
2023-09-18 12:58:07.124749832,Wireless Mouse,4,450,East,C0270
2023-09-19 00:39:23.175450300,Mobile Cover,6,450,East,C0458
2023-09-19 12:20:39.226150768,Mobile Cover,4,1200,East,C0071
2023-09-20 00:01:55.276851232,Laptop Bag,4,3500,South,C0493
2023-09-20 11:43:11.327551700,Wireless Mouse,2,150,East,C0180
2023-09-20 23:24:27.378252168,Keyboard,1,1200,East,C0124
2023-09-21 11:05:43.428952636,Headphones,3,450,South,C0381
2023-09-21 22:46:59.479653100,Headphones,1,1800,East,C0293
2023-09-22 10:28:15.530353568,Keyboard,4,700,South,C0285
2023-09-22 22:09:31.581054036,Smart Watch,2,1200,West,C0195
2023-09-23 09:50:47.631754504,Laptop Bag,5,1200,West,C0399
2023-09-23 21:32:03.682454968,Headphones,2,150,West,C0228
2023-09-24 09:13:19.733155436,Wireless Mouse,4,150,East,C0431
2023-09-24 20:54:35.783855904,Laptop Bag,2,1200,North,C0430
2023-09-25 08:35:51.834556372,Wireless Mouse,2,450,North,C0436
2023-09-25 20:17:07.885256836,Mobile Cover,4,700,East,C0275
2023-09-26 07:58:23.935957304,Laptop Bag,6,150,North,C0461
2023-09-26 19:39:39.986657772,Headphones,2,450,South,C0106
2023-09-27 07:20:56.037358240,Laptop Bag,3,1800,North,C0021
2023-09-27 19:02:12.088058704,Laptop Bag,3,150,East,C0064
2023-09-28 06:43:28.138759172,Laptop Bag,2,450,East,C0165
2023-09-28 18:24:44.189459640,Smart Watch,6,450,South,C0027
2023-09-29 06:06:00.240160104,Laptop Bag,5,700,West,C0311
2023-09-29 17:47:16.290860572,Wireless Mouse,4,700,East,C0285
2023-09-30 05:28:32.341561040,Mobile Cover,3,1800,South,C0148
2023-09-30 17:09:48.392261508,Keyboard,5,450,North,C0281
2023-10-01 04:51:04.442961972,Laptop Bag,2,3500,North,C0326
2023-10-01 16:32:20.493662440,Headphones,5,450,South,C0319
2023-10-02 04:13:36.544362908,Laptop Bag,1,700,South,C0164
2023-10-02 15:54:52.595063376,Headphones,3,3500,East,C0386
2023-10-03 03:36:08.645763840,Wireless Mouse,2,150,North,C0406
2023-10-03 15:17:24.696464308,Headphones,4,150,South,C0224
2023-10-04 02:58:40.747164776,Keyboard,6,1200,North,C0272
2023-10-04 14:39:56.797865244,Mobile Cover,2,700,South,C0146
2023-10-05 02:21:12.848565708,Headphones,4,1200,North,C0453
2023-10-05 14:02:28.899266176,Headphones,6,3500,West,C0438
2023-10-06 01:43:44.949966644,Mobile Cover,6,700,East,C0356
2023-10-06 13:25:01.000667112,Keyboard,2,1800,North,C0030
2023-10-07 01:06:17.051367576,Laptop Bag,5,450,West,C0045
2023-10-07 12:47:33.102068044,Headphones,5,1800,North,C0275
2023-10-08 00:28:49.152768512,Mobile Cover,6,3500,North,C0471
2023-10-08 12:10:05.203468980,Wireless Mouse,5,700,West,C0034
2023-10-08 23:51:21.254169444,Mobile Cover,1,3500,North,C0141
2023-10-09 11:32:37.304869912,Wireless Mouse,6,450,North,C0427
2023-10-09 23:13:53.355570380,Keyboard,6,150,East,C0318
2023-10-10 10:55:09.406270848,Laptop Bag,4,150,West,C0374
2023-10-10 22:36:25.456971312,Mobile Cover,5,3500,West,C0221
2023-10-11 10:17:41.507671780,Smart Watch,6,1200,South,C0356
2023-10-11 21:58:57.558372248,Headphones,1,700,North,C0022
2023-10-12 09:40:13.609072716,Keyboard,4,700,East,C0180
2023-10-12 21:21:29.659773180,Mobile Cover,2,150,North,C0436
2023-10-13 09:02:45.710473648,Headphones,6,1800,North,C0367
2023-10-13 20:44:01.761174116,Mobile Cover,1,450,South,C0420
2023-10-14 08:25:17.811874584,Wireless Mouse,3,1800,North,C0329
2023-10-14 20:06:33.862575048,Mobile Cover,1,1800,East,C0231
2023-10-15 07:47:49.913275516,Smart Watch,1,3500,East,C0499
2023-10-15 19:29:05.963975984,Mobile Cover,4,150,South,C0403
2023-10-16 07:10:22.014676452,Mobile Cover,2,150,North,C0038
2023-10-16 18:51:38.065376916,Smart Watch,3,150,East,C0070
2023-10-17 06:32:54.116077384,Keyboard,5,3500,North,C0116
2023-10-17 18:14:10.166777852,Mobile Cover,5,1200,North,C0239
2023-10-18 05:55:26.217478320,Smart Watch,1,1800,North,C0335
2023-10-18 17:36:42.268178784,Headphones,4,3500,South,C0441
2023-10-19 05:17:58.318879252,Wireless Mouse,4,700,North,C0148
2023-10-19 16:59:14.369579720,Wireless Mouse,5,450,East,C0009
2023-10-20 04:40:30.420280184,Mobile Cover,3,1200,North,C0288
2023-10-20 16:21:46.470980652,Keyboard,2,700,East,C0388
2023-10-21 04:03:02.521681120,Keyboard,3,1800,North,C0050
2023-10-21 15:44:18.572381588,Headphones,6,150,East,C0338
2023-10-22 03:25:34.623082052,Mobile Cover,6,1800,East,C0005
2023-10-22 15:06:50.673782520,Wireless Mouse,2,3500,North,C0404
2023-10-23 02:48:06.724482988,Keyboard,5,450,North,C0343
2023-10-23 14:29:22.775183456,Mobile Cover,2,3500,East,C0126
2023-10-24 02:10:38.825883920,Keyboard,4,1200,West,C0075
2023-10-24 13:51:54.876584388,Smart Watch,6,1200,South,C0165
2023-10-25 01:33:10.927284856,Keyboard,1,450,West,C0278
2023-10-25 13:14:26.977985324,Wireless Mouse,1,700,West,C0442
2023-10-26 00:55:43.028685788,Laptop Bag,5,700,North,C0324
2023-10-26 12:36:59.079386256,Headphones,4,1200,South,C0477
2023-10-27 00:18:15.130086724,Headphones,3,1200,West,C0300
2023-10-27 11:59:31.180787192,Wireless Mouse,4,150,North,C0290
2023-10-27 23:40:47.231487656,Keyboard,1,700,West,C0077
2023-10-28 11:22:03.282188124,Mobile Cover,1,450,West,C0298
2023-10-28 23:03:19.332888592,Keyboard,6,700,North,C0137
2023-10-29 10:44:35.383589060,Wireless Mouse,4,150,North,C0106
2023-10-29 22:25:51.434289524,Headphones,4,3500,North,C0095
2023-10-30 10:07:07.484989992,Keyboard,1,1200,South,C0135
2023-10-30 21:48:23.535690460,Headphones,3,1200,West,C0068
2023-10-31 09:29:39.586390928,Mobile Cover,5,150,North,C0147
2023-10-31 21:10:55.637091392,Headphones,5,450,East,C0490
2023-11-01 08:52:11.687791860,Headphones,4,1200,West,C0478
2023-11-01 20:33:27.738492328,Laptop Bag,5,1800,East,C0159
2023-11-02 08:14:43.789192796,Laptop Bag,1,1200,South,C0384
2023-11-02 19:55:59.839893260,Smart Watch,1,1800,North,C0163
2023-11-03 07:37:15.890593728,Laptop Bag,4,150,East,C0441
2023-11-03 19:18:31.941294196,Headphones,4,150,South,C0341
2023-11-04 06:59:47.991994664,Wireless Mouse,6,1200,North,C0189
2023-11-04 18:41:04.042695128,Headphones,4,700,East,C0415
2023-11-05 06:22:20.093395596,Wireless Mouse,3,1800,East,C0339
2023-11-05 18:03:36.144096064,Wireless Mouse,5,450,South,C0095
2023-11-06 05:44:52.194796532,Laptop Bag,4,1200,North,C0181
2023-11-06 17:26:08.245496996,Keyboard,2,450,North,C0288
2023-11-07 05:07:24.296197464,Mobile Cover,6,1200,East,C0322
2023-11-07 16:48:40.346897932,Laptop Bag,2,700,East,C0187
2023-11-08 04:29:56.397598400,Laptop Bag,1,700,East,C0372
2023-11-08 16:11:12.448298864,Keyboard,5,700,North,C0138
2023-11-09 03:52:28.498999332,Mobile Cover,4,3500,South,C0130
2023-11-09 15:33:44.549699800,Headphones,2,700,South,C0194
2023-11-10 03:15:00.600400264,Smart Watch,5,150,North,C0316
2023-11-10 14:56:16.651100732,Smart Watch,1,150,West,C0472
2023-11-11 02:37:32.701801200,Headphones,3,3500,South,C0273
2023-11-11 14:18:48.752501668,Laptop Bag,6,1800,East,C0352
2023-11-12 02:00:04.803202132,Mobile Cover,5,450,West,C0144
2023-11-12 13:41:20.853902600,Laptop Bag,5,1200,West,C0016
2023-11-13 01:22:36.904603068,Wireless Mouse,3,1200,South,C0302
2023-11-13 13:03:52.955303536,Laptop Bag,5,3500,West,C0423
2023-11-14 00:45:09.006004000,Laptop Bag,1,150,West,C0245
2023-11-14 12:26:25.056704468,Headphones,1,1200,South,C0415
2023-11-15 00:07:41.107404936,Headphones,3,150,South,C0107
2023-11-15 11:48:57.158105404,Headphones,6,1800,West,C0088
2023-11-15 23:30:13.208805868,Smart Watch,4,450,East,C0129
2023-11-16 11:11:29.259506336,Wireless Mouse,2,1800,North,C0395
2023-11-16 22:52:45.310206804,Headphones,4,3500,West,C0375
2023-11-17 10:34:01.360907272,Mobile Cover,5,700,West,C0341
2023-11-17 22:15:17.411607736,Smart Watch,2,700,East,C0004
2023-11-18 09:56:33.462308204,Keyboard,3,700,West,C0327
2023-11-18 21:37:49.513008672,Mobile Cover,3,1800,West,C0410
2023-11-19 09:19:05.563709140,Mobile Cover,6,1200,North,C0367
2023-11-19 21:00:21.614409604,Headphones,2,450,North,C0306
2023-11-20 08:41:37.665110072,Keyboard,1,700,North,C0396
2023-11-20 20:22:53.715810540,Keyboard,2,3500,South,C0095
2023-11-21 08:04:09.766511008,Smart Watch,5,3500,South,C0209
2023-11-21 19:45:25.817211472,Keyboard,1,700,North,C0225
2023-11-22 07:26:41.867911940,Wireless Mouse,3,700,North,C0459
2023-11-22 19:07:57.918612408,Headphones,2,450,South,C0348
2023-11-23 06:49:13.969312876,Keyboard,4,700,East,C0480
2023-11-23 18:30:30.020013340,Smart Watch,6,450,West,C0321
2023-11-24 06:11:46.070713808,Wireless Mouse,4,3500,West,C0047
2023-11-24 17:53:02.121414276,Laptop Bag,6,700,North,C0476
2023-11-25 05:34:18.172114744,Laptop Bag,5,1800,East,C0181
2023-11-25 17:15:34.222815208,Wireless Mouse,4,1800,South,C0106
2023-11-26 04:56:50.273515676,Smart Watch,2,3500,North,C0199
2023-11-26 16:38:06.324216144,Wireless Mouse,2,450,East,C0386
2023-11-27 04:19:22.374916612,Headphones,4,1800,East,C0106
2023-11-27 16:00:38.425617076,Headphones,2,450,East,C0280
2023-11-28 03:41:54.476317544,Laptop Bag,5,1800,South,C0260
2023-11-28 15:23:10.527018012,Keyboard,1,1800,South,C0108
2023-11-29 03:04:26.577718480,Smart Watch,5,450,West,C0019
2023-11-29 14:45:42.628418944,Laptop Bag,6,1200,West,C0410
2023-11-30 02:26:58.679119412,Keyboard,5,1800,East,C0459
2023-11-30 14:08:14.729819880,Keyboard,6,700,East,C0296
2023-12-01 01:49:30.780520344,Headphones,2,3500,South,C0306
2023-12-01 13:30:46.831220812,Mobile Cover,1,1200,West,C0171
2023-12-02 01:12:02.881921280,Mobile Cover,2,450,East,C0331
2023-12-02 12:53:18.932621748,Wireless Mouse,3,1200,West,C0493
2023-12-03 00:34:34.983322212,Headphones,2,150,West,C0195
2023-12-03 12:15:51.034022680,Keyboard,6,150,East,C0012
2023-12-03 23:57:07.084723148,Smart Watch,2,1800,South,C0195
2023-12-04 11:38:23.135423616,Mobile Cover,2,1800,East,C0490
2023-12-04 23:19:39.186124080,Keyboard,1,700,East,C0283
2023-12-05 11:00:55.236824548,Mobile Cover,2,3500,West,C0369
2023-12-05 22:42:11.287525016,Mobile Cover,1,1200,East,C0182
2023-12-06 10:23:27.338225484,Mobile Cover,4,150,South,C0450
2023-12-06 22:04:43.388925948,Smart Watch,3,1800,East,C0305
2023-12-07 09:45:59.439626416,Headphones,1,3500,South,C0144
2023-12-07 21:27:15.490326884,Smart Watch,6,1200,South,C0386
2023-12-08 09:08:31.541027352,Laptop Bag,4,1800,West,C0316
2023-12-08 20:49:47.591727816,Keyboard,1,1800,North,C0182
2023-12-09 08:31:03.642428284,Headphones,1,150,North,C0030
2023-12-09 20:12:19.693128752,Headphones,3,150,West,C0084
2023-12-10 07:53:35.743829220,Headphones,6,1800,East,C0166
2023-12-10 19:34:51.794529684,Headphones,5,450,West,C0284
2023-12-11 07:16:07.845230152,Smart Watch,5,1800,South,C0281
2023-12-11 18:57:23.895930620,Headphones,1,3500,North,C0096
2023-12-12 06:38:39.946631088,Wireless Mouse,2,1800,West,C0381
2023-12-12 18:19:55.997331552,Keyboard,6,700,East,C0266
2023-12-13 06:01:12.048032020,Headphones,4,700,West,C0444
2023-12-13 17:42:28.098732488,Keyboard,2,700,North,C0298
2023-12-14 05:23:44.149432956,Wireless Mouse,2,450,West,C0296
2023-12-14 17:05:00.200133420,Wireless Mouse,6,450,West,C0225
2023-12-15 04:46:16.250833888,Keyboard,1,1800,North,C0333
2023-12-15 16:27:32.301534356,Mobile Cover,1,700,South,C0361
2023-12-16 04:08:48.352234824,Laptop Bag,1,450,South,C0374
2023-12-16 15:50:04.402935288,Mobile Cover,1,150,North,C0042
2023-12-17 03:31:20.453635756,Mobile Cover,5,1800,West,C0303
2023-12-17 15:12:36.504336224,Smart Watch,1,3500,North,C0421
2023-12-18 02:53:52.555036692,Mobile Cover,5,1200,South,C0246
2023-12-18 14:35:08.605737156,Headphones,5,1800,East,C0208
2023-12-19 02:16:24.656437624,Smart Watch,1,1200,West,C0237
2023-12-19 13:57:40.707138092,Smart Watch,3,700,South,C0022
2023-12-20 01:38:56.757838560,Wireless Mouse,4,1200,West,C0185
2023-12-20 13:20:12.808539024,Mobile Cover,2,700,North,C0468
2023-12-21 01:01:28.859239492,Wireless Mouse,5,150,East,C0242
2023-12-21 12:42:44.909939960,Keyboard,6,1200,North,C0363
2023-12-22 00:24:00.960640424,Laptop Bag,6,1800,East,C0283
2023-12-22 12:05:17.011340892,Smart Watch,4,700,West,C0041
2023-12-22 23:46:33.062041360,Keyboard,6,1800,West,C0336
2023-12-23 11:27:49.112741828,Keyboard,3,450,North,C0162
2023-12-23 23:09:05.163442292,Headphones,6,700,East,C0160
2023-12-24 10:50:21.214142760,Laptop Bag,2,1200,East,C0474
2023-12-24 22:31:37.264843228,Keyboard,2,700,West,C0089
2023-12-25 10:12:53.315543696,Keyboard,5,1800,North,C0322
2023-12-25 21:54:09.366244160,Laptop Bag,1,150,East,C0012
2023-12-26 09:35:25.416944628,Laptop Bag,3,700,West,C0424
2023-12-26 21:16:41.467645096,Keyboard,5,1200,South,C0073
2023-12-27 08:57:57.518345564,Laptop Bag,3,450,North,C0076
2023-12-27 20:39:13.569046028,Keyboard,1,3500,South,C0346
2023-12-28 08:20:29.619746496,Keyboard,6,150,North,C0201
2023-12-28 20:01:45.670446964,Headphones,6,450,West,C0010
2023-12-29 07:43:01.721147432,Mobile Cover,1,700,East,C0352
2023-12-29 19:24:17.771847896,Keyboard,5,1800,East,C0226
2023-12-30 07:05:33.822548364,Wireless Mouse,1,1800,East,C0176
2023-12-30 18:46:49.873248832,Smart Watch,4,1200,North,C0276
2023-12-31 06:28:05.923949300,Mobile Cover,2,1800,West,C0039
2023-12-31 18:09:21.974649764,Mobile Cover,5,150,South,C0060
2024-01-01 05:50:38.025350232,Mobile Cover,3,1800,West,C0066
2024-01-01 17:31:54.076050700,Headphones,4,1200,South,C0321
2024-01-02 05:13:10.126751168,Keyboard,5,3500,North,C0435
2024-01-02 16:54:26.177451632,Headphones,1,700,North,C0124
2024-01-03 04:35:42.228152100,Keyboard,1,700,South,C0164
2024-01-03 16:16:58.278852568,Headphones,1,1800,South,C0408
2024-01-04 03:58:14.329553036,Headphones,1,450,South,C0411
2024-01-04 15:39:30.380253500,Smart Watch,3,700,West,C0386
2024-01-05 03:20:46.430953968,Wireless Mouse,4,3500,South,C0159
2024-01-05 15:02:02.481654436,Headphones,6,1800,North,C0057
2024-01-06 02:43:18.532354904,Smart Watch,2,1200,North,C0078
2024-01-06 14:24:34.583055368,Laptop Bag,3,3500,East,C0194
2024-01-07 02:05:50.633755836,Wireless Mouse,3,1800,South,C0285
2024-01-07 13:47:06.684456304,Headphones,6,3500,West,C0015
2024-01-08 01:28:22.735156772,Mobile Cover,6,700,West,C0012
2024-01-08 13:09:38.785857236,Laptop Bag,2,1200,West,C0101
2024-01-09 00:50:54.836557704,Laptop Bag,2,1800,East,C0156
2024-01-09 12:32:10.887258172,Smart Watch,6,150,North,C0340
2024-01-10 00:13:26.937958640,Laptop Bag,1,1200,West,C0125
2024-01-10 11:54:42.988659104,Wireless Mouse,3,150,North,C0359
2024-01-10 23:35:59.039359572,Headphones,5,3500,East,C0280
2024-01-11 11:17:15.090060040,Headphones,2,450,South,C0405
2024-01-11 22:58:31.140760504,Mobile Cover,2,1200,South,C0394
2024-01-12 10:39:47.191460972,Smart Watch,6,3500,South,C0110
2024-01-12 22:21:03.242161440,Mobile Cover,4,150,West,C0334
2024-01-13 10:02:19.292861908,Laptop Bag,5,700,South,C0357
2024-01-13 21:43:35.343562372,Mobile Cover,5,700,West,C0146
2024-01-14 09:24:51.394262840,Wireless Mouse,2,450,East,C0216
2024-01-14 21:06:07.444963308,Headphones,1,1200,East,C0398
2024-01-15 08:47:23.495663776,Laptop Bag,4,1200,West,C0162
2024-01-15 20:28:39.546364240,Mobile Cover,5,1200,North,C0128
2024-01-16 08:09:55.597064708,Smart Watch,2,3500,South,C0314
2024-01-16 19:51:11.647765176,Wireless Mouse,5,450,South,C0332
2024-01-17 07:32:27.698465644,Wireless Mouse,4,1200,South,C0150
2024-01-17 19:13:43.749166108,Mobile Cover,4,3500,West,C0454
2024-01-18 06:54:59.799866576,Headphones,3,700,East,C0036
2024-01-18 18:36:15.850567044,Mobile Cover,6,150,South,C0173
2024-01-19 06:17:31.901267512,Laptop Bag,6,3500,East,C0420
2024-01-19 17:58:47.951967976,Mobile Cover,2,700,South,C0022
2024-01-20 05:40:04.002668444,Wireless Mouse,4,700,South,C0206
2024-01-20 17:21:20.053368912,Mobile Cover,3,150,West,C0127
2024-01-21 05:02:36.104069380,Headphones,3,700,North,C0336
2024-01-21 16:43:52.154769844,Smart Watch,5,450,West,C0445
2024-01-22 04:25:08.205470312,Keyboard,5,150,South,C0356
2024-01-22 16:06:24.256170780,Mobile Cover,3,700,South,C0440
2024-01-23 03:47:40.306871248,Headphones,5,1800,North,C0217
2024-01-23 15:28:56.357571712,Headphones,4,3500,East,C0096
2024-01-24 03:10:12.408272180,Smart Watch,1,700,East,C0417
2024-01-24 14:51:28.458972648,Wireless Mouse,4,450,South,C0429
2024-01-25 02:32:44.509673116,Headphones,3,1200,East,C0164
2024-01-25 14:14:00.560373580,Headphones,3,700,South,C0148
2024-01-26 01:55:16.611074048,Headphones,4,1200,North,C0018
2024-01-26 13:36:32.661774516,Headphones,5,1800,North,C0294
2024-01-27 01:17:48.712474984,Laptop Bag,5,700,South,C0195
2024-01-27 12:59:04.763175448,Laptop Bag,6,150,North,C0151
2024-01-28 00:40:20.813875916,Wireless Mouse,3,1200,West,C0480
2024-01-28 12:21:36.864576384,Mobile Cover,2,1800,West,C0365
2024-01-29 00:02:52.915276852,Headphones,6,150,North,C0123
2024-01-29 11:44:08.965977316,Smart Watch,5,150,South,C0400
2024-01-29 23:25:25.016677784,Mobile Cover,4,150,South,C0187
2024-01-30 11:06:41.067378252,Smart Watch,5,150,North,C0453
2024-01-30 22:47:57.118078716,Mobile Cover,4,700,East,C0452
2024-01-31 10:29:13.168779184,Wireless Mouse,6,3500,West,C0149
2024-01-31 22:10:29.219479652,Headphones,3,700,East,C0104
2024-02-01 09:51:45.270180120,Headphones,5,700,South,C0243
2024-02-01 21:33:01.320880584,Keyboard,4,1800,South,C0462
2024-02-02 09:14:17.371581052,Smart Watch,3,1800,East,C0231
2024-02-02 20:55:33.422281520,Mobile Cover,2,3500,North,C0479
2024-02-03 08:36:49.472981988,Mobile Cover,4,1800,East,C0206
2024-02-03 20:18:05.523682452,Laptop Bag,6,450,East,C0198
2024-02-04 07:59:21.574382920,Keyboard,2,3500,West,C0396
2024-02-04 19:40:37.625083388,Laptop Bag,2,1800,West,C0400
2024-02-05 07:21:53.675783856,Laptop Bag,1,3500,East,C0337
2024-02-05 19:03:09.726484320,Laptop Bag,5,700,East,C0493
2024-02-06 06:44:25.777184788,Smart Watch,4,700,South,C0087
2024-02-06 18:25:41.827885256,Smart Watch,2,3500,West,C0142
2024-02-07 06:06:57.878585724,Wireless Mouse,1,450,West,C0317
2024-02-07 17:48:13.929286188,Wireless Mouse,6,450,South,C0199
2024-02-08 05:29:29.979986656,Laptop Bag,3,3500,North,C0046
2024-02-08 17:10:46.030687124,Keyboard,4,1800,West,C0288
2024-02-09 04:52:02.081387592,Mobile Cover,2,1200,West,C0015
2024-02-09 16:33:18.132088056,Smart Watch,5,450,North,C0044
2024-02-10 04:14:34.182788524,Keyboard,1,150,West,C0401
2024-02-10 15:55:50.233488992,Headphones,2,700,West,C0169
2024-02-11 03:37:06.284189460,Smart Watch,5,3500,North,C0310
2024-02-11 15:18:22.334889924,Smart Watch,2,150,North,C0495
2024-02-12 02:59:38.385590392,Wireless Mouse,4,3500,East,C0044
2024-02-12 14:40:54.436290860,Mobile Cover,4,700,South,C0098
2024-02-13 02:22:10.486991328,Mobile Cover,4,700,South,C0261
2024-02-13 14:03:26.537691792,Headphones,6,450,North,C0109
2024-02-14 01:44:42.588392260,Headphones,6,450,North,C0283
2024-02-14 13:25:58.639092728,Smart Watch,1,150,West,C0372
2024-02-15 01:07:14.689793196,Laptop Bag,4,3500,East,C0343
2024-02-15 12:48:30.740493660,Wireless Mouse,5,700,East,C0104
2024-02-16 00:29:46.791194128,Wireless Mouse,2,150,North,C0256
2024-02-16 12:11:02.841894596,Smart Watch,3,1200,West,C0379
2024-02-16 23:52:18.892595064,Keyboard,5,150,West,C0206
2024-02-17 11:33:34.943295528,Laptop Bag,6,1800,South,C0335
2024-02-17 23:14:50.993995996,Smart Watch,6,150,South,C0043
2024-02-18 10:56:07.044696464,Laptop Bag,5,1800,West,C0353
2024-02-18 22:37:23.095396932,Laptop Bag,6,1800,South,C0245
2024-02-19 10:18:39.146097396,Laptop Bag,4,1800,North,C0287
2024-02-19 21:59:55.196797864,Smart Watch,1,1200,West,C0355
2024-02-20 09:41:11.247498332,Wireless Mouse,2,150,South,C0273
2024-02-20 21:22:27.298198796,Wireless Mouse,1,150,East,C0476
2024-02-21 09:03:43.348899264,Laptop Bag,2,1200,West,C0083
2024-02-21 20:44:59.399599732,Keyboard,2,700,West,C0110
2024-02-22 08:26:15.450300200,Mobile Cover,1,450,East,C0438
2024-02-22 20:07:31.501000664,Smart Watch,5,150,North,C0190
2024-02-23 07:48:47.551701136,Mobile Cover,2,450,East,C0471
2024-02-23 19:30:03.602401600,Keyboard,1,3500,West,C0288
2024-02-24 07:11:19.653102064,Smart Watch,2,3500,North,C0424
2024-02-24 18:52:35.703802536,Laptop Bag,3,1200,South,C0397
2024-02-25 06:33:51.754503000,Wireless Mouse,5,3500,South,C0251
2024-02-25 18:15:07.805203464,Mobile Cover,4,3500,South,C0212
2024-02-26 05:56:23.855903936,Headphones,2,700,West,C0291
2024-02-26 17:37:39.906604400,Headphones,3,700,East,C0133
2024-02-27 05:18:55.957304872,Keyboard,4,700,North,C0201
2024-02-27 17:00:12.008005336,Laptop Bag,4,3500,South,C0285
2024-02-28 04:41:28.058705800,Mobile Cover,2,1200,North,C0326
2024-02-28 16:22:44.109406272,Laptop Bag,1,1800,West,C0409
2024-02-29 04:04:00.160106736,Mobile Cover,2,1800,South,C0095
2024-02-29 15:45:16.210807200,Keyboard,3,450,West,C0278
2024-03-01 03:26:32.261507672,Keyboard,4,1800,East,C0450
2024-03-01 15:07:48.312208136,Headphones,2,1800,West,C0429
2024-03-02 02:49:04.362908608,Laptop Bag,1,700,West,C0325
2024-03-02 14:30:20.413609072,Smart Watch,2,700,East,C0219
2024-03-03 02:11:36.464309536,Headphones,5,3500,North,C0089
2024-03-03 13:52:52.515010008,Laptop Bag,1,450,East,C0072
2024-03-04 01:34:08.565710472,Headphones,3,150,East,C0247
2024-03-04 13:15:24.616410936,Smart Watch,4,450,West,C0129
2024-03-05 00:56:40.667111408,Wireless Mouse,2,450,North,C0212
2024-03-05 12:37:56.717811872,Wireless Mouse,1,1200,South,C0428
2024-03-06 00:19:12.768512344,Wireless Mouse,5,3500,East,C0343
2024-03-06 12:00:28.819212808,Wireless Mouse,1,1200,North,C0096
2024-03-06 23:41:44.869913272,Mobile Cover,6,450,East,C0075
2024-03-07 11:23:00.920613744,Wireless Mouse,5,450,East,C0423
2024-03-07 23:04:16.971314208,Smart Watch,3,450,East,C0495
2024-03-08 10:45:33.022014672,Keyboard,4,1800,East,C0054
2024-03-08 22:26:49.072715144,Keyboard,3,1200,West,C0344
2024-03-09 10:08:05.123415608,Mobile Cover,2,450,North,C0459
2024-03-09 21:49:21.174116080,Wireless Mouse,1,700,North,C0413
2024-03-10 09:30:37.224816544,Wireless Mouse,6,3500,North,C0054
2024-03-10 21:11:53.275517008,Wireless Mouse,5,3500,East,C0218
2024-03-11 08:53:09.326217480,Headphones,5,700,West,C0016
2024-03-11 20:34:25.376917944,Laptop Bag,1,3500,East,C0099
2024-03-12 08:15:41.427618408,Headphones,6,1800,East,C0020
2024-03-12 19:56:57.478318880,Laptop Bag,1,1800,North,C0046
2024-03-13 07:38:13.529019344,Wireless Mouse,2,150,East,C0451
2024-03-13 19:19:29.579719808,Wireless Mouse,3,150,South,C0193
2024-03-14 07:00:45.630420280,Headphones,5,150,East,C0383
2024-03-14 18:42:01.681120744,Headphones,2,3500,South,C0058
2024-03-15 06:23:17.731821216,Laptop Bag,3,1800,East,C0437
2024-03-15 18:04:33.782521680,Keyboard,2,1800,West,C0111
2024-03-16 05:45:49.833222144,Laptop Bag,6,1800,West,C0129
2024-03-16 17:27:05.883922616,Headphones,5,700,North,C0337
2024-03-17 05:08:21.934623080,Smart Watch,1,1800,East,C0194
2024-03-17 16:49:37.985323544,Headphones,1,700,South,C0413
2024-03-18 04:30:54.036024016,Smart Watch,3,150,South,C0340
2024-03-18 16:12:10.086724480,Mobile Cover,4,150,East,C0326
2024-03-19 03:53:26.137424952,Headphones,6,3500,South,C0008
2024-03-19 15:34:42.188125416,Mobile Cover,3,150,West,C0029
2024-03-20 03:15:58.238825880,Keyboard,4,3500,South,C0112
2024-03-20 14:57:14.289526352,Laptop Bag,2,450,North,C0435
2024-03-21 02:38:30.340226816,Smart Watch,6,450,West,C0161
2024-03-21 14:19:46.390927280,Laptop Bag,2,1200,West,C0131
2024-03-22 02:01:02.441627752,Mobile Cover,5,3500,West,C0188
2024-03-22 13:42:18.492328216,Smart Watch,6,1200,East,C0163
2024-03-23 01:23:34.543028688,Laptop Bag,4,1200,East,C0197
2024-03-23 13:04:50.593729152,Headphones,5,450,West,C0475
2024-03-24 00:46:06.644429616,Wireless Mouse,1,3500,East,C0364
2024-03-24 12:27:22.695130088,Mobile Cover,4,450,South,C0204
2024-03-25 00:08:38.745830552,Laptop Bag,3,1200,East,C0212
2024-03-25 11:49:54.796531016,Mobile Cover,1,3500,East,C0109
2024-03-25 23:31:10.847231488,Mobile Cover,1,1200,West,C0276
2024-03-26 11:12:26.897931952,Smart Watch,3,1800,North,C0073
2024-03-26 22:53:42.948632424,Smart Watch,6,3500,North,C0167
2024-03-27 10:34:58.999332888,Wireless Mouse,1,3500,North,C0260
2024-03-27 22:16:15.050033352,Headphones,4,1200,South,C0243
2024-03-28 09:57:31.100733824,Mobile Cover,5,1800,East,C0275
2024-03-28 21:38:47.151434288,Laptop Bag,1,700,North,C0102
2024-03-29 09:20:03.202134752,Keyboard,4,450,West,C0475
2024-03-29 21:01:19.252835224,Mobile Cover,2,1200,North,C0173
2024-03-30 08:42:35.303535688,Mobile Cover,4,3500,North,C0171
2024-03-30 20:23:51.354236160,Wireless Mouse,5,450,East,C0141
2024-03-31 08:05:07.404936624,Headphones,4,450,East,C0397
2024-03-31 19:46:23.455637088,Keyboard,3,450,East,C0188
2024-04-01 07:27:39.506337560,Smart Watch,5,700,South,C0441
2024-04-01 19:08:55.557038024,Smart Watch,6,150,South,C0086
2024-04-02 06:50:11.607738488,Laptop Bag,2,1200,North,C0476
2024-04-02 18:31:27.658438960,Keyboard,3,150,East,C0052
2024-04-03 06:12:43.709139424,Smart Watch,6,150,North,C0111
2024-04-03 17:53:59.759839888,Laptop Bag,4,150,West,C0437
2024-04-04 05:35:15.810540360,Headphones,5,450,West,C0365
2024-04-04 17:16:31.861240824,Laptop Bag,2,1800,East,C0342
2024-04-05 04:57:47.911941296,Smart Watch,3,450,East,C0043
2024-04-05 16:39:03.962641760,Wireless Mouse,6,450,West,C0211
2024-04-06 04:20:20.013342224,Wireless Mouse,6,3500,East,C0456
2024-04-06 16:01:36.064042696,Wireless Mouse,2,3500,South,C0200
2024-04-07 03:42:52.114743160,Smart Watch,4,150,South,C0298
2024-04-07 15:24:08.165443624,Wireless Mouse,2,450,East,C0346
2024-04-08 03:05:24.216144096,Keyboard,6,150,West,C0240
2024-04-08 14:46:40.266844560,Headphones,1,3500,North,C0115
2024-04-09 02:27:56.317545032,Laptop Bag,3,1800,East,C0026
2024-04-09 14:09:12.368245496,Laptop Bag,2,1200,East,C0407
2024-04-10 01:50:28.418945960,Smart Watch,6,150,North,C0299
2024-04-10 13:31:44.469646432,Wireless Mouse,4,1800,East,C0077
2024-04-11 01:13:00.520346896,Wireless Mouse,6,1200,North,C0412
2024-04-11 12:54:16.571047360,Mobile Cover,4,700,West,C0137
2024-04-12 00:35:32.621747832,Headphones,2,150,South,C0020
2024-04-12 12:16:48.672448296,Keyboard,4,150,West,C0440
2024-04-12 23:58:04.723148768,Laptop Bag,5,700,South,C0211
2024-04-13 11:39:20.773849232,Mobile Cover,5,700,North,C0240
2024-04-13 23:20:36.824549696,Mobile Cover,5,150,South,C0039
2024-04-14 11:01:52.875250168,Smart Watch,1,700,West,C0435
2024-04-14 22:43:08.925950632,Laptop Bag,2,450,South,C0268
2024-04-15 10:24:24.976651096,Smart Watch,6,1200,North,C0207
2024-04-15 22:05:41.027351568,Keyboard,6,1200,South,C0479
2024-04-16 09:46:57.078052032,Mobile Cover,1,1200,East,C0439
2024-04-16 21:28:13.128752504,Mobile Cover,4,450,West,C0462
2024-04-17 09:09:29.179452968,Headphones,1,700,East,C0267
2024-04-17 20:50:45.230153432,Keyboard,4,1800,North,C0154
2024-04-18 08:32:01.280853904,Mobile Cover,4,700,South,C0042
2024-04-18 20:13:17.331554368,Keyboard,3,150,East,C0411
2024-04-19 07:54:33.382254832,Laptop Bag,6,3500,East,C0011
2024-04-19 19:35:49.432955304,Wireless Mouse,5,1200,South,C0294
2024-04-20 07:17:05.483655768,Mobile Cover,4,700,South,C0098
2024-04-20 18:58:21.534356240,Headphones,3,1800,West,C0427
2024-04-21 06:39:37.585056704,Laptop Bag,6,150,East,C0275
2024-04-21 18:20:53.635757168,Keyboard,5,450,East,C0448
2024-04-22 06:02:09.686457640,Smart Watch,4,450,North,C0390
2024-04-22 17:43:25.737158104,Laptop Bag,4,1800,West,C0430
2024-04-23 05:24:41.787858568,Mobile Cover,1,150,North,C0372
2024-04-23 17:05:57.838559040,Keyboard,1,1200,East,C0230
2024-04-24 04:47:13.889259504,Wireless Mouse,6,700,North,C0369
2024-04-24 16:28:29.939959968,Laptop Bag,5,150,East,C0426
2024-04-25 04:09:45.990660440,Mobile Cover,4,450,East,C0220
2024-04-25 15:51:02.041360904,Headphones,6,1800,North,C0065
2024-04-26 03:32:18.092061376,Smart Watch,6,1800,North,C0355
2024-04-26 15:13:34.142761840,Keyboard,2,700,South,C0232
2024-04-27 02:54:50.193462304,Laptop Bag,1,1800,South,C0328
2024-04-27 14:36:06.244162776,Laptop Bag,5,1800,South,C0443
2024-04-28 02:17:22.294863240,Wireless Mouse,4,150,East,C0052
2024-04-28 13:58:38.345563704,Wireless Mouse,6,1200,North,C0374
2024-04-29 01:39:54.396264176,Headphones,4,700,West,C0431
2024-04-29 13:21:10.446964640,Smart Watch,2,150,East,C0376
2024-04-30 01:02:26.497665112,Headphones,5,1200,West,C0263
2024-04-30 12:43:42.548365576,Mobile Cover,6,150,North,C0267
2024-05-01 00:24:58.599066040,Mobile Cover,4,3500,East,C0359
2024-05-01 12:06:14.649766512,Headphones,1,150,West,C0317
2024-05-01 23:47:30.700466976,Smart Watch,2,1800,West,C0324
2024-05-02 11:28:46.751167440,Headphones,5,1200,South,C0409
2024-05-02 23:10:02.801867912,Smart Watch,2,700,South,C0396
2024-05-03 10:51:18.852568376,Smart Watch,1,700,South,C0154
2024-05-03 22:32:34.903268848,Keyboard,5,1200,East,C0358
2024-05-04 10:13:50.953969312,Smart Watch,2,1800,North,C0366
2024-05-04 21:55:07.004669776,Wireless Mouse,3,450,North,C0140
2024-05-05 09:36:23.055370248,Smart Watch,1,150,South,C0427
2024-05-05 21:17:39.106070712,Smart Watch,1,1800,South,C0051
2024-05-06 08:58:55.156771176,Smart Watch,1,3500,South,C0117
2024-05-06 20:40:11.207471648,Mobile Cover,3,1200,West,C0421
2024-05-07 08:21:27.258172112,Wireless Mouse,3,150,South,C0046
2024-05-07 20:02:43.308872584,Wireless Mouse,4,700,West,C0309
2024-05-08 07:43:59.359573048,Headphones,6,450,North,C0088
2024-05-08 19:25:15.410273512,Keyboard,2,3500,East,C0208
2024-05-09 07:06:31.460973984,Smart Watch,4,700,East,C0377
2024-05-09 18:47:47.511674448,Laptop Bag,2,1200,East,C0269
2024-05-10 06:29:03.562374912,Keyboard,6,150,East,C0089
2024-05-10 18:10:19.613075384,Keyboard,3,1200,West,C0381
2024-05-11 05:51:35.663775848,Wireless Mouse,6,150,West,C0118
2024-05-11 17:32:51.714476320,Keyboard,3,1800,South,C0054
2024-05-12 05:14:07.765176784,Smart Watch,6,450,West,C0441
2024-05-12 16:55:23.815877248,Smart Watch,4,1800,South,C0116
2024-05-13 04:36:39.866577720,Mobile Cover,5,1800,South,C0118
2024-05-13 16:17:55.917278184,Smart Watch,4,1200,East,C0260
2024-05-14 03:59:11.967978648,Smart Watch,2,450,West,C0075
2024-05-14 15:40:28.018679120,Wireless Mouse,4,150,West,C0480
2024-05-15 03:21:44.069379584,Smart Watch,1,150,South,C0305
2024-05-15 15:03:00.120080048,Mobile Cover,2,3500,South,C0007
2024-05-16 02:44:16.170780520,Laptop Bag,6,700,North,C0366
2024-05-16 14:25:32.221480984,Wireless Mouse,2,3500,North,C0122
2024-05-17 02:06:48.272181456,Laptop Bag,5,3500,South,C0011
2024-05-17 13:48:04.322881920,Wireless Mouse,3,150,North,C0348
2024-05-18 01:29:20.373582384,Headphones,6,1200,North,C0438
2024-05-18 13:10:36.424282856,Keyboard,2,1800,South,C0489
2024-05-19 00:51:52.474983320,Headphones,6,1800,South,C0215
2024-05-19 12:33:08.525683784,Smart Watch,6,1800,West,C0429
2024-05-20 00:14:24.576384256,Laptop Bag,6,450,South,C0279
2024-05-20 11:55:40.627084720,Smart Watch,3,150,South,C0498
2024-05-20 23:36:56.677785192,Keyboard,4,1200,East,C0028
2024-05-21 11:18:12.728485656,Wireless Mouse,6,450,West,C0235
2024-05-21 22:59:28.779186120,Keyboard,1,700,West,C0367
2024-05-22 10:40:44.829886592,Mobile Cover,5,1200,West,C0313
2024-05-22 22:22:00.880587056,Keyboard,3,3500,East,C0026
2024-05-23 10:03:16.931287520,Mobile Cover,2,1200,South,C0409
2024-05-23 21:44:32.981987992,Keyboard,3,1200,West,C0054
2024-05-24 09:25:49.032688456,Mobile Cover,2,1800,West,C0029
2024-05-24 21:07:05.083388928,Laptop Bag,3,1200,North,C0467
2024-05-25 08:48:21.134089392,Smart Watch,2,3500,West,C0353
2024-05-25 20:29:37.184789856,Smart Watch,6,3500,South,C0164
2024-05-26 08:10:53.235490328,Headphones,4,150,South,C0270
2024-05-26 19:52:09.286190792,Smart Watch,2,1200,North,C0334
2024-05-27 07:33:25.336891256,Wireless Mouse,2,1800,West,C0035
2024-05-27 19:14:41.387591728,Keyboard,1,1200,West,C0286
2024-05-28 06:55:57.438292192,Headphones,2,700,West,C0348
2024-05-28 18:37:13.488992664,Wireless Mouse,1,700,East,C0273
2024-05-29 06:18:29.539693128,Wireless Mouse,5,1800,West,C0451
2024-05-29 17:59:45.590393592,Mobile Cover,6,150,South,C0208
2024-05-30 05:41:01.641094064,Smart Watch,1,150,South,C0238
2024-05-30 17:22:17.691794528,Laptop Bag,4,3500,East,C0414
2024-05-31 05:03:33.742494992,Laptop Bag,6,3500,East,C0093
2024-05-31 16:44:49.793195464,Headphones,1,450,West,C0173
2024-06-01 04:26:05.843895928,Laptop Bag,6,1800,North,C0079
2024-06-01 16:07:21.894596400,Keyboard,6,1200,East,C0110
2024-06-02 03:48:37.945296864,Laptop Bag,6,1800,East,C0217
2024-06-02 15:29:53.995997328,Headphones,5,450,West,C0435
2024-06-03 03:11:10.046697800,Laptop Bag,4,3500,West,C0358
2024-06-03 14:52:26.097398264,Keyboard,3,1800,East,C0106
2024-06-04 02:33:42.148098728,Mobile Cover,3,1800,North,C0047
2024-06-04 14:14:58.198799200,Headphones,1,3500,East,C0181
2024-06-05 01:56:14.249499664,Mobile Cover,6,450,West,C0064
2024-06-05 13:37:30.300200128,Mobile Cover,1,3500,West,C0246
2024-06-06 01:18:46.350900600,Mobile Cover,5,150,East,C0244
2024-06-06 13:00:02.401601064,Wireless Mouse,5,1200,North,C0422
2024-06-07 00:41:18.452301536,Smart Watch,2,3500,East,C0320
2024-06-07 12:22:34.503002000,Wireless Mouse,5,450,East,C0087
2024-06-08 00:03:50.553702464,Smart Watch,2,700,West,C0217
2024-06-08 11:45:06.604402936,Mobile Cover,4,150,North,C0490
2024-06-08 23:26:22.655103400,Headphones,1,700,South,C0007
2024-06-09 11:07:38.705803864,Smart Watch,4,3500,North,C0278
2024-06-09 22:48:54.756504336,Keyboard,5,150,East,C0337
2024-06-10 10:30:10.807204800,Keyboard,4,1200,East,C0210
2024-06-10 22:11:26.857905272,Laptop Bag,4,3500,East,C0497
2024-06-11 09:52:42.908605736,Smart Watch,4,1200,North,C0169
2024-06-11 21:33:58.959306200,Headphones,5,1800,West,C0330
2024-06-12 09:15:15.010006672,Wireless Mouse,6,700,East,C0138
2024-06-12 20:56:31.060707136,Mobile Cover,4,150,East,C0441
2024-06-13 08:37:47.111407600,Laptop Bag,2,1200,North,C0391
2024-06-13 20:19:03.162108072,Keyboard,5,450,South,C0496
2024-06-14 08:00:19.212808536,Wireless Mouse,4,1200,South,C0381
2024-06-14 19:41:35.263509008,Wireless Mouse,6,450,West,C0306
2024-06-15 07:22:51.314209472,Mobile Cover,5,3500,West,C0230
2024-06-15 19:04:07.364909936,Smart Watch,3,150,East,C0475
2024-06-16 06:45:23.415610408,Keyboard,6,1200,North,C0308
2024-06-16 18:26:39.466310872,Headphones,2,1200,East,C0161
2024-06-17 06:07:55.517011336,Wireless Mouse,4,150,West,C0001
2024-06-17 17:49:11.567711808,Mobile Cover,3,1200,North,C0236
2024-06-18 05:30:27.618412272,Headphones,3,450,North,C0437
2024-06-18 17:11:43.669112744,Smart Watch,5,1200,West,C0188
2024-06-19 04:52:59.719813208,Keyboard,3,700,South,C0418
2024-06-19 16:34:15.770513672,Smart Watch,2,3500,South,C0004
2024-06-20 04:15:31.821214144,Wireless Mouse,2,1800,North,C0401
2024-06-20 15:56:47.871914608,Headphones,1,450,East,C0132
2024-06-21 03:38:03.922615072,Headphones,2,700,South,C0427
2024-06-21 15:19:19.973315544,Headphones,6,3500,East,C0218
2024-06-22 03:00:36.024016008,Wireless Mouse,3,150,South,C0260
2024-06-22 14:41:52.074716480,Wireless Mouse,2,450,South,C0001
2024-06-23 02:23:08.125416944,Smart Watch,5,1800,East,C0071
2024-06-23 14:04:24.176117408,Laptop Bag,1,3500,West,C0478
2024-06-24 01:45:40.226817880,Smart Watch,3,1800,South,C0178
2024-06-24 13:26:56.277518344,Keyboard,1,150,South,C0457
2024-06-25 01:08:12.328218808,Mobile Cover,3,150,East,C0189
2024-06-25 12:49:28.378919280,Headphones,5,450,West,C0291
2024-06-26 00:30:44.429619744,Laptop Bag,1,1200,South,C0008
2024-06-26 12:12:00.480320208,Mobile Cover,4,150,South,C0253
2024-06-26 23:53:16.531020680,Laptop Bag,6,3500,West,C0408
2024-06-27 11:34:32.581721144,Smart Watch,6,1200,South,C0467
2024-06-27 23:15:48.632421616,Wireless Mouse,3,700,West,C0292
2024-06-28 10:57:04.683122080,Headphones,4,1800,West,C0434
2024-06-28 22:38:20.733822544,Smart Watch,1,1200,East,C0244
2024-06-29 10:19:36.784523016,Mobile Cover,4,1800,North,C0123
2024-06-29 22:00:52.835223480,Mobile Cover,4,1200,West,C0299
2024-06-30 09:42:08.885923944,Mobile Cover,1,700,East,C0283
2024-06-30 21:23:24.936624416,Mobile Cover,5,150,North,C0032
2024-07-01 09:04:40.987324880,Mobile Cover,4,700,South,C0334
2024-07-01 20:45:57.038025352,Laptop Bag,4,150,North,C0377
2024-07-02 08:27:13.088725816,Smart Watch,5,150,West,C0146
2024-07-02 20:08:29.139426280,Headphones,4,1800,West,C0156
2024-07-03 07:49:45.190126752,Wireless Mouse,4,3500,West,C0413
2024-07-03 19:31:01.240827216,Wireless Mouse,4,700,West,C0016
2024-07-04 07:12:17.291527680,Smart Watch,6,1200,West,C0355
2024-07-04 18:53:33.342228152,Smart Watch,2,700,East,C0047
2024-07-05 06:34:49.392928616,Wireless Mouse,5,1800,West,C0251
2024-07-05 18:16:05.443629088,Wireless Mouse,4,150,East,C0187
2024-07-06 05:57:21.494329552,Laptop Bag,6,1800,South,C0031
2024-07-06 17:38:37.545030016,Keyboard,5,450,West,C0260
2024-07-07 05:19:53.595730488,Headphones,3,450,West,C0421
2024-07-07 17:01:09.646430952,Mobile Cover,3,1200,North,C0017
2024-07-08 04:42:25.697131416,Keyboard,4,1800,South,C0039
2024-07-08 16:23:41.747831888,Smart Watch,6,1200,West,C0304
2024-07-09 04:04:57.798532352,Wireless Mouse,6,1200,West,C0430
2024-07-09 15:46:13.849232824,Keyboard,5,450,South,C0474
2024-07-10 03:27:29.899933288,Headphones,5,1200,East,C0432
2024-07-10 15:08:45.950633752,Smart Watch,6,450,West,C0039
2024-07-11 02:50:02.001334224,Mobile Cover,5,150,North,C0489
2024-07-11 14:31:18.052034688,Mobile Cover,6,1800,West,C0132
2024-07-12 02:12:34.102735152,Headphones,2,1200,North,C0030
2024-07-12 13:53:50.153435624,Headphones,6,450,North,C0158
2024-07-13 01:35:06.204136088,Wireless Mouse,3,700,West,C0278
2024-07-13 13:16:22.254836560,Mobile Cover,5,1200,West,C0203
2024-07-14 00:57:38.305537024,Smart Watch,6,3500,North,C0066
2024-07-14 12:38:54.356237488,Keyboard,6,150,South,C0108
2024-07-15 00:20:10.406937960,Smart Watch,5,150,South,C0268
2024-07-15 12:01:26.457638424,Laptop Bag,2,700,West,C0222
2024-07-15 23:42:42.508338888,Laptop Bag,2,450,East,C0292
2024-07-16 11:23:58.559039360,Headphones,5,1200,South,C0018
2024-07-16 23:05:14.609739824,Wireless Mouse,1,450,West,C0090
2024-07-17 10:46:30.660440288,Laptop Bag,5,150,South,C0181
2024-07-17 22:27:46.711140760,Mobile Cover,5,450,East,C0255
2024-07-18 10:09:02.761841224,Smart Watch,2,150,West,C0455
2024-07-18 21:50:18.812541696,Smart Watch,2,450,East,C0253
2024-07-19 09:31:34.863242160,Headphones,5,700,West,C0257
2024-07-19 21:12:50.913942624,Keyboard,5,1800,East,C0383
2024-07-20 08:54:06.964643096,Headphones,5,700,South,C0442
2024-07-20 20:35:23.015343560,Keyboard,2,700,South,C0346
2024-07-21 08:16:39.066044024,Headphones,5,1800,East,C0087
2024-07-21 19:57:55.116744496,Headphones,5,1800,East,C0090
2024-07-22 07:39:11.167444960,Headphones,4,1200,East,C0237
2024-07-22 19:20:27.218145432,Keyboard,1,1200,West,C0390
2024-07-23 07:01:43.268845896,Keyboard,3,700,South,C0070
2024-07-23 18:42:59.319546360,Headphones,1,700,West,C0044
2024-07-24 06:24:15.370246832,Laptop Bag,4,150,South,C0200
2024-07-24 18:05:31.420947296,Wireless Mouse,3,150,North,C0152
2024-07-25 05:46:47.471647760,Wireless Mouse,5,1200,West,C0086
2024-07-25 17:28:03.522348232,Wireless Mouse,4,3500,South,C0019
2024-07-26 05:09:19.573048696,Keyboard,5,3500,South,C0101
2024-07-26 16:50:35.623749168,Keyboard,2,1200,West,C0402
2024-07-27 04:31:51.674449632,Laptop Bag,6,150,West,C0095
2024-07-27 16:13:07.725150096,Wireless Mouse,4,150,South,C0254
2024-07-28 03:54:23.775850568,Wireless Mouse,2,3500,West,C0357
2024-07-28 15:35:39.826551032,Headphones,4,450,East,C0030
2024-07-29 03:16:55.877251496,Keyboard,4,450,West,C0249
2024-07-29 14:58:11.927951968,Wireless Mouse,2,150,West,C0426
2024-07-30 02:39:27.978652432,Smart Watch,3,450,West,C0033
2024-07-30 14:20:44.029352904,Laptop Bag,1,1800,South,C0458
2024-07-31 02:02:00.080053368,Smart Watch,5,1200,East,C0229
2024-07-31 13:43:16.130753832,Smart Watch,4,1200,North,C0012
2024-08-01 01:24:32.181454304,Laptop Bag,5,150,North,C0118
2024-08-01 13:05:48.232154768,Smart Watch,6,700,East,C0350
2024-08-02 00:47:04.282855232,Wireless Mouse,2,3500,East,C0155
2024-08-02 12:28:20.333555704,Keyboard,5,150,East,C0423
2024-08-03 00:09:36.384256168,Laptop Bag,2,450,South,C0393
2024-08-03 11:50:52.434956640,Headphones,5,3500,North,C0246
2024-08-03 23:32:08.485657104,Smart Watch,1,700,East,C0405
2024-08-04 11:13:24.536357568,Laptop Bag,1,450,South,C0332
2024-08-04 22:54:40.587058040,Mobile Cover,1,1800,North,C0247
2024-08-05 10:35:56.637758504,Mobile Cover,1,450,West,C0029
2024-08-05 22:17:12.688458968,Keyboard,1,1800,South,C0161
2024-08-06 09:58:28.739159440,Wireless Mouse,1,3500,North,C0235
2024-08-06 21:39:44.789859904,Keyboard,2,1800,South,C0190
2024-08-07 09:21:00.840560368,Keyboard,4,3500,North,C0117
2024-08-07 21:02:16.891260840,Keyboard,5,3500,North,C0271
2024-08-08 08:43:32.941961304,Keyboard,1,3500,West,C0258
2024-08-08 20:24:48.992661776,Headphones,2,3500,South,C0180
2024-08-09 08:06:05.043362240,Headphones,2,3500,East,C0487
2024-08-09 19:47:21.094062704,Laptop Bag,2,450,West,C0373
2024-08-10 07:28:37.144763176,Mobile Cover,4,3500,West,C0172
2024-08-10 19:09:53.195463640,Keyboard,5,450,North,C0438
2024-08-11 06:51:09.246164104,Laptop Bag,4,3500,East,C0274
2024-08-11 18:32:25.296864576,Mobile Cover,3,1800,South,C0259
2024-08-12 06:13:41.347565040,Smart Watch,2,3500,East,C0135
2024-08-12 17:54:57.398265512,Wireless Mouse,3,700,East,C0171
2024-08-13 05:36:13.448965976,Headphones,6,3500,East,C0210
2024-08-13 17:17:29.499666440,Smart Watch,1,3500,East,C0236
2024-08-14 04:58:45.550366912,Mobile Cover,1,1800,East,C0422
2024-08-14 16:40:01.601067376,Smart Watch,4,1200,North,C0421
2024-08-15 04:21:17.651767840,Wireless Mouse,5,1800,North,C0186
2024-08-15 16:02:33.702468312,Mobile Cover,3,700,West,C0417
2024-08-16 03:43:49.753168776,Smart Watch,5,1200,North,C0364
2024-08-16 15:25:05.803869248,Headphones,4,150,West,C0443
2024-08-17 03:06:21.854569712,Headphones,1,150,West,C0095
2024-08-17 14:47:37.905270176,Laptop Bag,5,700,South,C0378
2024-08-18 02:28:53.955970648,Smart Watch,5,1800,East,C0011
2024-08-18 14:10:10.006671112,Keyboard,1,450,North,C0068
2024-08-19 01:51:26.057371576,Smart Watch,3,700,South,C0379
2024-08-19 13:32:42.108072048,Mobile Cover,1,1200,North,C0210
2024-08-20 01:13:58.158772512,Mobile Cover,5,1200,West,C0196
2024-08-20 12:55:14.209472984,Smart Watch,3,3500,North,C0369
2024-08-21 00:36:30.260173448,Wireless Mouse,3,150,East,C0098
2024-08-21 12:17:46.310873912,Headphones,1,1200,West,C0093
2024-08-21 23:59:02.361574384,Mobile Cover,5,700,West,C0472
2024-08-22 11:40:18.412274848,Headphones,4,1200,South,C0022
2024-08-22 23:21:34.462975312,Mobile Cover,5,700,East,C0450
2024-08-23 11:02:50.513675784,Laptop Bag,2,450,West,C0172
2024-08-23 22:44:06.564376248,Keyboard,6,3500,East,C0383
2024-08-24 10:25:22.615076720,Mobile Cover,4,150,North,C0134
2024-08-24 22:06:38.665777184,Headphones,3,1200,East,C0426
2024-08-25 09:47:54.716477648,Laptop Bag,4,700,West,C0025
2024-08-25 21:29:10.767178120,Mobile Cover,3,1800,South,C0185
2024-08-26 09:10:26.817878584,Wireless Mouse,3,150,West,C0085
2024-08-26 20:51:42.868579048,Keyboard,4,450,East,C0055
2024-08-27 08:32:58.919279520,Mobile Cover,3,700,East,C0251
2024-08-27 20:14:14.969979984,Laptop Bag,3,3500,West,C0144
2024-08-28 07:55:31.020680448,Wireless Mouse,2,3500,East,C0351
2024-08-28 19:36:47.071380920,Smart Watch,5,450,North,C0398
2024-08-29 07:18:03.122081384,Laptop Bag,5,450,West,C0167
2024-08-29 18:59:19.172781856,Laptop Bag,6,3500,South,C0412
2024-08-30 06:40:35.223482320,Wireless Mouse,6,1200,West,C0224
2024-08-30 18:21:51.274182784,Laptop Bag,2,1200,North,C0220
2024-08-31 06:03:07.324883256,Wireless Mouse,6,700,North,C0179
2024-08-31 17:44:23.375583720,Mobile Cover,4,1800,North,C0119
2024-09-01 05:25:39.426284184,Wireless Mouse,1,700,North,C0433
2024-09-01 17:06:55.476984656,Wireless Mouse,1,1800,North,C0265
2024-09-02 04:48:11.527685120,Keyboard,1,450,South,C0442
2024-09-02 16:29:27.578385592,Wireless Mouse,2,150,East,C0429
2024-09-03 04:10:43.629086056,Wireless Mouse,2,700,North,C0150
2024-09-03 15:51:59.679786520,Smart Watch,3,700,North,C0416
2024-09-04 03:33:15.730486992,Mobile Cover,1,1800,West,C0453
2024-09-04 15:14:31.781187456,Keyboard,4,450,South,C0215
2024-09-05 02:55:47.831887920,Smart Watch,6,450,South,C0197
2024-09-05 14:37:03.882588392,Headphones,4,1800,East,C0042
2024-09-06 02:18:19.933288856,Mobile Cover,6,450,South,C0053
2024-09-06 13:59:35.983989328,Mobile Cover,1,3500,West,C0480
2024-09-07 01:40:52.034689792,Headphones,1,1200,West,C0443
2024-09-07 13:22:08.085390256,Wireless Mouse,1,3500,East,C0330
2024-09-08 01:03:24.136090728,Smart Watch,2,150,West,C0251
2024-09-08 12:44:40.186791192,Laptop Bag,6,700,North,C0295
2024-09-09 00:25:56.237491656,Keyboard,2,150,North,C0378
2024-09-09 12:07:12.288192128,Laptop Bag,2,700,West,C0271
2024-09-09 23:48:28.338892592,Headphones,5,1200,East,C0455
2024-09-10 11:29:44.389593064,Mobile Cover,4,450,South,C0413
2024-09-10 23:11:00.440293528,Mobile Cover,4,3500,East,C0123
2024-09-11 10:52:16.490993992,Keyboard,3,1800,South,C0367
2024-09-11 22:33:32.541694464,Mobile Cover,2,3500,West,C0387
2024-09-12 10:14:48.592394928,Mobile Cover,6,1200,West,C0339
2024-09-12 21:56:04.643095392,Keyboard,5,150,North,C0266
2024-09-13 09:37:20.693795864,Smart Watch,5,1800,South,C0348
2024-09-13 21:18:36.744496328,Smart Watch,4,450,East,C0029
2024-09-14 08:59:52.795196800,Keyboard,2,1200,West,C0463
2024-09-14 20:41:08.845897264,Headphones,3,1800,East,C0035
2024-09-15 08:22:24.896597728,Mobile Cover,2,1200,North,C0006
2024-09-15 20:03:40.947298200,Mobile Cover,1,1200,South,C0396
2024-09-16 07:44:56.997998664,Headphones,2,450,South,C0111
2024-09-16 19:26:13.048699128,Smart Watch,1,700,West,C0294
2024-09-17 07:07:29.099399600,Wireless Mouse,1,1800,South,C0077
2024-09-17 18:48:45.150100064,Wireless Mouse,3,450,West,C0349
2024-09-18 06:30:01.200800528,Wireless Mouse,6,1200,North,C0147
2024-09-18 18:11:17.251501000,Smart Watch,4,450,South,C0067
2024-09-19 05:52:33.302201464,Smart Watch,2,700,West,C0392
2024-09-19 17:33:49.352901936,Headphones,1,3500,East,C0008
2024-09-20 05:15:05.403602400,Mobile Cover,2,1800,West,C0122
2024-09-20 16:56:21.454302864,Headphones,6,700,South,C0340
2024-09-21 04:37:37.505003336,Headphones,4,150,North,C0175
2024-09-21 16:18:53.555703800,Smart Watch,6,1800,South,C0388
2024-09-22 04:00:09.606404264,Wireless Mouse,4,700,South,C0179
2024-09-22 15:41:25.657104736,Laptop Bag,5,1200,West,C0085
2024-09-23 03:22:41.707805200,Mobile Cover,4,1800,East,C0451
2024-09-23 15:03:57.758505672,Smart Watch,3,1800,South,C0045
2024-09-24 02:45:13.809206136,Wireless Mouse,6,450,East,C0136
2024-09-24 14:26:29.859906600,Laptop Bag,1,1200,West,C0343
2024-09-25 02:07:45.910607072,Laptop Bag,5,150,East,C0016
2024-09-25 13:49:01.961307536,Smart Watch,3,3500,West,C0333
2024-09-26 01:30:18.012008000,Keyboard,2,700,North,C0195
2024-09-26 13:11:34.062708472,Mobile Cover,6,450,East,C0496
2024-09-27 00:52:50.113408936,Laptop Bag,1,700,East,C0009
2024-09-27 12:34:06.164109408,Smart Watch,4,150,North,C0316
2024-09-28 00:15:22.214809872,Smart Watch,1,150,East,C0334
2024-09-28 11:56:38.265510336,Wireless Mouse,2,1800,North,C0333
2024-09-28 23:37:54.316210808,Keyboard,5,150,South,C0327
2024-09-29 11:19:10.366911272,Mobile Cover,5,700,West,C0015
2024-09-29 23:00:26.417611736,Headphones,6,1200,North,C0327
2024-09-30 10:41:42.468312208,Wireless Mouse,5,1200,East,C0102
2024-09-30 22:22:58.519012672,Laptop Bag,6,1800,North,C0226
2024-10-01 10:04:14.569713144,Laptop Bag,6,3500,East,C0425
2024-10-01 21:45:30.620413608,Wireless Mouse,6,700,South,C0278
2024-10-02 09:26:46.671114072,Smart Watch,4,700,North,C0408
2024-10-02 21:08:02.721814544,Laptop Bag,3,150,South,C0113
2024-10-03 08:49:18.772515008,Keyboard,6,700,West,C0485
2024-10-03 20:30:34.823215472,Mobile Cover,6,450,East,C0428
2024-10-04 08:11:50.873915944,Keyboard,3,3500,East,C0001
2024-10-04 19:53:06.924616408,Laptop Bag,1,150,South,C0266
2024-10-05 07:34:22.975316880,Headphones,6,450,West,C0491
2024-10-05 19:15:39.026017344,Mobile Cover,4,1800,North,C0208
2024-10-06 06:56:55.076717808,Mobile Cover,5,1200,North,C0110
2024-10-06 18:38:11.127418280,Wireless Mouse,5,1800,East,C0200
2024-10-07 06:19:27.178118744,Wireless Mouse,2,1200,South,C0440
2024-10-07 18:00:43.228819208,Headphones,2,1800,South,C0369
2024-10-08 05:41:59.279519680,Smart Watch,5,700,North,C0473
2024-10-08 17:23:15.330220144,Mobile Cover,5,450,West,C0306
2024-10-09 05:04:31.380920608,Headphones,4,1200,West,C0012
2024-10-09 16:45:47.431621080,Wireless Mouse,3,150,North,C0345
2024-10-10 04:27:03.482321544,Wireless Mouse,2,450,North,C0465
2024-10-10 16:08:19.533022016,Mobile Cover,3,150,South,C0188
2024-10-11 03:49:35.583722480,Keyboard,4,450,West,C0154
2024-10-11 15:30:51.634422944,Laptop Bag,5,450,North,C0494
2024-10-12 03:12:07.685123416,Wireless Mouse,6,1800,North,C0368
2024-10-12 14:53:23.735823880,Smart Watch,3,1200,East,C0334
2024-10-13 02:34:39.786524344,Smart Watch,5,1200,North,C0425
2024-10-13 14:15:55.837224816,Wireless Mouse,5,450,North,C0420
2024-10-14 01:57:11.887925280,Keyboard,1,700,West,C0377
2024-10-14 13:38:27.938625752,Keyboard,3,700,South,C0279
2024-10-15 01:19:43.989326216,Headphones,6,150,West,C0171
2024-10-15 13:01:00.040026680,Smart Watch,3,150,South,C0134
2024-10-16 00:42:16.090727152,Headphones,5,1800,East,C0495
2024-10-16 12:23:32.141427616,Smart Watch,6,450,North,C0453
2024-10-17 00:04:48.192128080,Laptop Bag,4,150,East,C0427
2024-10-17 11:46:04.242828552,Laptop Bag,1,150,South,C0025
2024-10-17 23:27:20.293529016,Mobile Cover,5,3500,West,C0018
2024-10-18 11:08:36.344229488,Headphones,2,450,West,C0190
2024-10-18 22:49:52.394929952,Wireless Mouse,2,1800,East,C0141
2024-10-19 10:31:08.445630416,Headphones,1,150,South,C0043
2024-10-19 22:12:24.496330888,Wireless Mouse,4,1800,East,C0334
2024-10-20 09:53:40.547031352,Keyboard,5,1200,East,C0284
2024-10-20 21:34:56.597731816,Headphones,3,1800,North,C0146
2024-10-21 09:16:12.648432288,Keyboard,1,700,East,C0315
2024-10-21 20:57:28.699132752,Laptop Bag,4,700,North,C0444
2024-10-22 08:38:44.749833224,Laptop Bag,3,1800,North,C0319
2024-10-22 20:20:00.800533688,Mobile Cover,2,700,West,C0441
2024-10-23 08:01:16.851234152,Headphones,2,1200,North,C0092
2024-10-23 19:42:32.901934624,Keyboard,3,450,North,C0179
2024-10-24 07:23:48.952635088,Wireless Mouse,1,700,West,C0056
2024-10-24 19:05:05.003335552,Laptop Bag,2,700,East,C0155
2024-10-25 06:46:21.054036024,Laptop Bag,5,1800,South,C0160
2024-10-25 18:27:37.104736488,Wireless Mouse,6,1200,South,C0111
2024-10-26 06:08:53.155436960,Keyboard,3,450,South,C0137
2024-10-26 17:50:09.206137424,Keyboard,3,1800,East,C0232
2024-10-27 05:31:25.256837888,Headphones,2,1800,North,C0480
2024-10-27 17:12:41.307538360,Headphones,1,3500,South,C0468
2024-10-28 04:53:57.358238824,Smart Watch,5,1200,East,C0220
2024-10-28 16:35:13.408939288,Smart Watch,1,450,North,C0481
2024-10-29 04:16:29.459639760,Mobile Cover,4,1200,West,C0068
2024-10-29 15:57:45.510340224,Laptop Bag,4,450,South,C0302
2024-10-30 03:39:01.561040688,Headphones,6,1200,North,C0249
2024-10-30 15:20:17.611741160,Keyboard,2,1800,South,C0482
2024-10-31 03:01:33.662441624,Wireless Mouse,2,1800,South,C0496
2024-10-31 14:42:49.713142096,Keyboard,2,150,South,C0323
2024-11-01 02:24:05.763842560,Laptop Bag,6,700,North,C0410
2024-11-01 14:05:21.814543024,Smart Watch,4,3500,East,C0392
2024-11-02 01:46:37.865243496,Keyboard,1,1200,North,C0006
2024-11-02 13:27:53.915943960,Mobile Cover,6,3500,South,C0464
2024-11-03 01:09:09.966644424,Laptop Bag,6,150,North,C0280
2024-11-03 12:50:26.017344896,Smart Watch,1,700,West,C0432
2024-11-04 00:31:42.068045360,Wireless Mouse,2,1200,East,C0487
2024-11-04 12:12:58.118745832,Smart Watch,5,450,North,C0094
2024-11-04 23:54:14.169446296,Mobile Cover,1,700,West,C0429
2024-11-05 11:35:30.220146760,Laptop Bag,4,1800,East,C0269
2024-11-05 23:16:46.270847232,Wireless Mouse,3,150,West,C0197
2024-11-06 10:58:02.321547696,Mobile Cover,3,700,East,C0025
2024-11-06 22:39:18.372248160,Smart Watch,6,700,North,C0148
2024-11-07 10:20:34.422948632,Mobile Cover,3,1800,West,C0118
2024-11-07 22:01:50.473649096,Laptop Bag,5,1200,South,C0338
2024-11-08 09:43:06.524349568,Headphones,2,450,West,C0367
2024-11-08 21:24:22.575050032,Mobile Cover,4,1800,East,C0338
2024-11-09 09:05:38.625750496,Mobile Cover,5,450,North,C0066
2024-11-09 20:46:54.676450968,Smart Watch,4,1200,East,C0458
2024-11-10 08:28:10.727151432,Smart Watch,4,700,West,C0301
2024-11-10 20:09:26.777851896,Wireless Mouse,2,450,West,C0370
2024-11-11 07:50:42.828552368,Smart Watch,6,150,South,C0175
2024-11-11 19:31:58.879252832,Keyboard,3,150,North,C0319
2024-11-12 07:13:14.929953304,Laptop Bag,2,1800,North,C0076
2024-11-12 18:54:30.980653768,Laptop Bag,5,1200,West,C0495
2024-11-13 06:35:47.031354232,Headphones,6,1800,North,C0461
2024-11-13 18:17:03.082054704,Headphones,5,1800,South,C0114
2024-11-14 05:58:19.132755168,Laptop Bag,6,3500,East,C0111
2024-11-14 17:39:35.183455632,Headphones,5,1800,North,C0249
2024-11-15 05:20:51.234156104,Wireless Mouse,2,3500,West,C0439
2024-11-15 17:02:07.284856568,Smart Watch,6,150,East,C0203
2024-11-16 04:43:23.335557040,Laptop Bag,6,150,East,C0147
2024-11-16 16:24:39.386257504,Headphones,4,1800,South,C0035
2024-11-17 04:05:55.436957968,Laptop Bag,4,150,West,C0487
2024-11-17 15:47:11.487658440,Keyboard,1,1200,North,C0309
2024-11-18 03:28:27.538358904,Mobile Cover,5,3500,West,C0026
2024-11-18 15:09:43.589059368,Smart Watch,4,3500,East,C0238
2024-11-19 02:50:59.639759840,Laptop Bag,1,1800,West,C0014
2024-11-19 14:32:15.690460304,Mobile Cover,4,150,North,C0374
2024-11-20 02:13:31.741160768,Headphones,5,450,North,C0045
2024-11-20 13:54:47.791861240,Mobile Cover,6,3500,South,C0428
2024-11-21 01:36:03.842561704,Smart Watch,3,1800,North,C0216
2024-11-21 13:17:19.893262176,Laptop Bag,5,1800,North,C0233
2024-11-22 00:58:35.943962640,Keyboard,2,1200,West,C0193
2024-11-22 12:39:51.994663104,Headphones,4,700,West,C0051
2024-11-23 00:21:08.045363576,Laptop Bag,4,700,East,C0427
2024-11-23 12:02:24.096064040,Smart Watch,6,3500,South,C0375
2024-11-23 23:43:40.146764504,Headphones,2,1200,West,C0214
2024-11-24 11:24:56.197464976,Wireless Mouse,6,1200,North,C0151
2024-11-24 23:06:12.248165440,Mobile Cover,2,1200,East,C0440
2024-11-25 10:47:28.298865912,Smart Watch,3,3500,West,C0275
2024-11-25 22:28:44.349566376,Wireless Mouse,4,700,South,C0338
2024-11-26 10:10:00.400266840,Laptop Bag,4,1200,South,C0076
2024-11-26 21:51:16.450967312,Keyboard,3,150,East,C0439
2024-11-27 09:32:32.501667776,Headphones,1,1800,East,C0220
2024-11-27 21:13:48.552368240,Mobile Cover,6,1800,East,C0348
2024-11-28 08:55:04.603068712,Headphones,3,450,East,C0444
2024-11-28 20:36:20.653769176,Laptop Bag,6,450,East,C0187
2024-11-29 08:17:36.704469648,Headphones,5,3500,North,C0289
2024-11-29 19:58:52.755170112,Mobile Cover,4,3500,North,C0403
2024-11-30 07:40:08.805870576,Laptop Bag,6,1800,West,C0028
2024-11-30 19:21:24.856571048,Headphones,2,150,South,C0379
2024-12-01 07:02:40.907271512,Keyboard,6,700,North,C0180
2024-12-01 18:43:56.957971976,Smart Watch,5,700,North,C0253
2024-12-02 06:25:13.008672448,Laptop Bag,4,3500,North,C0126
2024-12-02 18:06:29.059372912,Smart Watch,3,150,West,C0177
2024-12-03 05:47:45.110073384,Laptop Bag,5,3500,East,C0037
2024-12-03 17:29:01.160773848,Keyboard,4,700,West,C0410
2024-12-04 05:10:17.211474312,Smart Watch,6,3500,South,C0099
2024-12-04 16:51:33.262174784,Wireless Mouse,1,1200,South,C0098
2024-12-05 04:32:49.312875248,Mobile Cover,1,3500,South,C0127
2024-12-05 16:14:05.363575712,Wireless Mouse,2,1800,South,C0483
2024-12-06 03:55:21.414276184,Headphones,4,3500,North,C0168
2024-12-06 15:36:37.464976648,Keyboard,1,1800,North,C0080
2024-12-07 03:17:53.515677120,Wireless Mouse,3,150,West,C0294
2024-12-07 14:59:09.566377584,Laptop Bag,4,700,East,C0333
2024-12-08 02:40:25.617078048,Headphones,3,450,South,C0126
2024-12-08 14:21:41.667778520,Headphones,3,450,West,C0343
2024-12-09 02:02:57.718478984,Wireless Mouse,1,700,North,C0310
2024-12-09 13:44:13.769179448,Wireless Mouse,4,450,North,C0150
2024-12-10 01:25:29.819879920,Keyboard,6,3500,East,C0016
2024-12-10 13:06:45.870580384,Mobile Cover,5,150,East,C0028
2024-12-11 00:48:01.921280848,Wireless Mouse,1,150,East,C0496
2024-12-11 12:29:17.971981320,Wireless Mouse,1,700,West,C0419
2024-12-12 00:10:34.022681784,Smart Watch,6,450,North,C0444
2024-12-12 11:51:50.073382256,Laptop Bag,4,3500,North,C0173
2024-12-12 23:33:06.124082720,Smart Watch,4,150,East,C0046
2024-12-13 11:14:22.174783184,Smart Watch,3,150,South,C0328
2024-12-13 22:55:38.225483656,Headphones,6,1200,East,C0236
2024-12-14 10:36:54.276184120,Mobile Cover,6,1200,West,C0439
2024-12-14 22:18:10.326884584,Laptop Bag,4,150,East,C0214
2024-12-15 09:59:26.377585056,Keyboard,3,700,East,C0085
2024-12-15 21:40:42.428285520,Keyboard,1,1800,West,C0282
2024-12-16 09:21:58.478985992,Wireless Mouse,2,1800,East,C0232
2024-12-16 21:03:14.529686456,Wireless Mouse,5,3500,North,C0085
2024-12-17 08:44:30.580386920,Keyboard,1,150,South,C0409
2024-12-17 20:25:46.631087392,Wireless Mouse,4,150,East,C0489
2024-12-18 08:07:02.681787856,Mobile Cover,5,150,West,C0065
2024-12-18 19:48:18.732488320,Smart Watch,2,700,South,C0134
2024-12-19 07:29:34.783188792,Wireless Mouse,2,1200,West,C0151
2024-12-19 19:10:50.833889256,Headphones,3,150,South,C0115
2024-12-20 06:52:06.884589728,Wireless Mouse,5,150,South,C0064
2024-12-20 18:33:22.935290192,Laptop Bag,3,450,East,C0343
2024-12-21 06:14:38.985990656,Mobile Cover,1,700,North,C0427
2024-12-21 17:55:55.036691128,Laptop Bag,6,3500,East,C0363
2024-12-22 05:37:11.087391592,Laptop Bag,6,150,West,C0407
2024-12-22 17:18:27.138092056,Headphones,6,450,West,C0352
2024-12-23 04:59:43.188792528,Mobile Cover,5,1800,South,C0158
2024-12-23 16:40:59.239492992,Mobile Cover,6,3500,South,C0077
2024-12-24 04:22:15.290193464,Mobile Cover,1,150,North,C0491
2024-12-24 16:03:31.340893928,Mobile Cover,3,150,East,C0146
2024-12-25 03:44:47.391594392,Mobile Cover,5,450,West,C0343
2024-12-25 15:26:03.442294864,Headphones,3,700,South,C0463
2024-12-26 03:07:19.492995328,Wireless Mouse,5,150,North,C0225
2024-12-26 14:48:35.543695792,Laptop Bag,3,1800,West,C0405
2024-12-27 02:29:51.594396264,Mobile Cover,2,150,South,C0313
2024-12-27 14:11:07.645096728,Wireless Mouse,3,1800,West,C0103
2024-12-28 01:52:23.695797200,Wireless Mouse,6,3500,North,C0407
2024-12-28 13:33:39.746497664,Laptop Bag,2,3500,North,C0347
2024-12-29 01:14:55.797198128,Headphones,3,1200,West,C0301
2024-12-29 12:56:11.847898600,Keyboard,5,1200,East,C0428
2024-12-30 00:37:27.898599064,Keyboard,5,1800,West,C0466
2024-12-30 12:18:43.949299528,Wireless Mouse,5,700,South,C0088
2024-12-31 00:00:00.000000000,Smart Watch,4,150,East,C0371
